{
"type": "FeatureCollection",
"features": [
{
  "type": "Feature",
  "properties": {
    "name": "Clovis city"
  },
  "geometry": {"type": "Point", "coordinates": [36.827813, -119.681902]}
},
{
  "type": "Feature",
  "properties": {
    "name": "Fresno city"
  },
  "geometry": {"type": "Point", "coordinates": [36.783062, -119.793806]}
},
{
  "type": "Feature",
  "properties": {
    "name": "Clearlake city"
  },
  "geometry": {"type": "Point", "coordinates": [38.958941, -122.633078]}
},
{
  "type": "Feature",
  "properties": {
    "name": "Angels city"
  },
  "geometry": {"type": "Point", "coordinates": [38.070689, -120.550137]}
},
{
  "type": "Feature",
  "properties": {
    "name": "Alturas city"
  },
  "geometry": {"type": "Point", "coordinates": [41.489746, -120.551559]}
},
{
  "type": "Feature",
  "properties": {
    "name": "Yuba City city"
  },
  "geometry": {"type": "Point", "coordinates": [39.132296, -121.639484]}
},
{
  "type": "Feature",
  "properties": {
    "name": "Folsom city"
  },
  "geometry": {"type": "Point", "coordinates": [38.666752, -121.142157]}
},
{
  "type": "Feature",
  "properties": {
    "name": "Isleton city"
  },
  "geometry": {"type": "Point", "coordinates": [38.161712, -121.605259]}
},
{
  "type": "Feature",
  "properties": {
    "name": "Rancho Cordova city"
  },
  "geometry": {"type": "Point", "coordinates": [38.573670, -121.252736]}
},
{
  "type": "Feature",
  "properties": {
    "name": "Monterey city"
  },
  "geometry": {"type": "Point", "coordinates": [36.601286, -121.883014]}
},
{
  "type": "Feature",
  "properties": {
    "name": "American Canyon city"
  },
  "geometry": {"type": "Point", "coordinates": [38.179585, -122.258344]}
},
{
  "type": "Feature",
  "properties": {
    "name": "Calistoga city"
  },
  "geometry": {"type": "Point", "coordinates": [38.581795, -122.582411]}
},
{
  "type": "Feature",
  "properties": {
    "name": "Yountville city"
  },
  "geometry": {"type": "Point", "coordinates": [38.396388, -122.367073]}
},
{
  "type": "Feature",
  "properties": {
    "name": "Buellton city"
  },
  "geometry": {"type": "Point", "coordinates": [34.615291, -120.194418]}
},
{
  "type": "Feature",
  "properties": {
    "name": "Antioch city"
  },
  "geometry": {"type": "Point", "coordinates": [37.978691, -121.795990]}
},
{
  "type": "Feature",
  "properties": {
    "name": "Concord city"
  },
  "geometry": {"type": "Point", "coordinates": [37.972187, -122.001591]}
},
{
  "type": "Feature",
  "properties": {
    "name": "Danville town"
  },
  "geometry": {"type": "Point", "coordinates": [37.812141, -121.969829]}
},
{
  "type": "Feature",
  "properties": {
    "name": "Martinez city"
  },
  "geometry": {"type": "Point", "coordinates": [37.998475, -122.116079]}
},
{
  "type": "Feature",
  "properties": {
    "name": "Pittsburg city"
  },
  "geometry": {"type": "Point", "coordinates": [38.018199, -121.896454]}
},
{
  "type": "Feature",
  "properties": {
    "name": "Pleasant Hill city"
  },
  "geometry": {"type": "Point", "coordinates": [37.954009, -122.075895]}
},
{
  "type": "Feature",
  "properties": {
    "name": "San Ramon city"
  },
  "geometry": {"type": "Point", "coordinates": [37.762048, -121.935426]}
},
{
  "type": "Feature",
  "properties": {
    "name": "Walnut Creek city"
  },
  "geometry": {"type": "Point", "coordinates": [37.902432, -122.039849]}
},
{
  "type": "Feature",
  "properties": {
    "name": "Carpinteria city"
  },
  "geometry": {"type": "Point", "coordinates": [34.377404, -119.513586]}
},
{
  "type": "Feature",
  "properties": {
    "name": "Guadalupe city"
  },
  "geometry": {"type": "Point", "coordinates": [34.960858, -120.573346]}
},
{
  "type": "Feature",
  "properties": {
    "name": "Dinuba city"
  },
  "geometry": {"type": "Point", "coordinates": [36.545121, -119.398804]}
},
{
  "type": "Feature",
  "properties": {
    "name": "Exeter city"
  },
  "geometry": {"type": "Point", "coordinates": [36.294138, -119.145952]}
},
{
  "type": "Feature",
  "properties": {
    "name": "Farmersville city"
  },
  "geometry": {"type": "Point", "coordinates": [36.304741, -119.208605]}
},
{
  "type": "Feature",
  "properties": {
    "name": "Lindsay city"
  },
  "geometry": {"type": "Point", "coordinates": [36.209095, -119.093260]}
},
{
  "type": "Feature",
  "properties": {
    "name": "Salinas city"
  },
  "geometry": {"type": "Point", "coordinates": [36.688288, -121.631672]}
},
{
  "type": "Feature",
  "properties": {
    "name": "Agoura Hills city"
  },
  "geometry": {"type": "Point", "coordinates": [34.151003, -118.760878]}
},
{
  "type": "Feature",
  "properties": {
    "name": "Artesia city"
  },
  "geometry": {"type": "Point", "coordinates": [33.867592, -118.080634]}
},
{
  "type": "Feature",
  "properties": {
    "name": "Milpitas city"
  },
  "geometry": {"type": "Point", "coordinates": [37.433582, -121.892108]}
},
{
  "type": "Feature",
  "properties": {
    "name": "Del Mar city"
  },
  "geometry": {"type": "Point", "coordinates": [32.963419, -117.262487]}
},
{
  "type": "Feature",
  "properties": {
    "name": "Biggs city"
  },
  "geometry": {"type": "Point", "coordinates": [39.410187, -121.713321]}
},
{
  "type": "Feature",
  "properties": {
    "name": "Gridley city"
  },
  "geometry": {"type": "Point", "coordinates": [39.362883, -121.697543]}
},
{
  "type": "Feature",
  "properties": {
    "name": "Avalon city"
  },
  "geometry": {"type": "Point", "coordinates": [33.354036, -118.315314]}
},
{
  "type": "Feature",
  "properties": {
    "name": "Bellflower city"
  },
  "geometry": {"type": "Point", "coordinates": [33.888037, -118.127113]}
},
{
  "type": "Feature",
  "properties": {
    "name": "Bell Gardens city"
  },
  "geometry": {"type": "Point", "coordinates": [33.966321, -118.155018]}
},
{
  "type": "Feature",
  "properties": {
    "name": "Claremont city"
  },
  "geometry": {"type": "Point", "coordinates": [34.125893, -117.715332]}
},
{
  "type": "Feature",
  "properties": {
    "name": "Commerce city"
  },
  "geometry": {"type": "Point", "coordinates": [33.996293, -118.151886]}
},
{
  "type": "Feature",
  "properties": {
    "name": "Cudahy city"
  },
  "geometry": {"type": "Point", "coordinates": [33.963130, -118.183127]}
},
{
  "type": "Feature",
  "properties": {
    "name": "El Monte city"
  },
  "geometry": {"type": "Point", "coordinates": [34.073920, -118.029083]}
},
{
  "type": "Feature",
  "properties": {
    "name": "Solvang city"
  },
  "geometry": {"type": "Point", "coordinates": [34.593514, -120.140165]}
},
{
  "type": "Feature",
  "properties": {
    "name": "Goleta city"
  },
  "geometry": {"type": "Point", "coordinates": [34.436003, -119.859711]}
},
{
  "type": "Feature",
  "properties": {
    "name": "Lompoc city"
  },
  "geometry": {"type": "Point", "coordinates": [34.661794, -120.471386]}
},
{
  "type": "Feature",
  "properties": {
    "name": "Santa Barbara city"
  },
  "geometry": {"type": "Point", "coordinates": [34.405654, -119.713396]}
},
{
  "type": "Feature",
  "properties": {
    "name": "Santa Maria city"
  },
  "geometry": {"type": "Point", "coordinates": [34.933429, -120.443328]}
},
{
  "type": "Feature",
  "properties": {
    "name": "Loyalton city"
  },
  "geometry": {"type": "Point", "coordinates": [39.676855, -120.244811]}
},
{
  "type": "Feature",
  "properties": {
    "name": "Brawley city"
  },
  "geometry": {"type": "Point", "coordinates": [32.978455, -115.528567]}
},
{
  "type": "Feature",
  "properties": {
    "name": "El Segundo city"
  },
  "geometry": {"type": "Point", "coordinates": [33.911288, -118.431011]}
},
{
  "type": "Feature",
  "properties": {
    "name": "Hawaiian Gardens city"
  },
  "geometry": {"type": "Point", "coordinates": [33.830339, -118.072826]}
},
{
  "type": "Feature",
  "properties": {
    "name": "Hermosa Beach city"
  },
  "geometry": {"type": "Point", "coordinates": [33.858969, -118.419536]}
},
{
  "type": "Feature",
  "properties": {
    "name": "Hidden Hills city"
  },
  "geometry": {"type": "Point", "coordinates": [34.163744, -118.661210]}
},
{
  "type": "Feature",
  "properties": {
    "name": "Grass Valley city"
  },
  "geometry": {"type": "Point", "coordinates": [39.220307, -121.052652]}
},
{
  "type": "Feature",
  "properties": {
    "name": "Pasadena city"
  },
  "geometry": {"type": "Point", "coordinates": [34.159678, -118.138870]}
},
{
  "type": "Feature",
  "properties": {
    "name": "Newport Beach city"
  },
  "geometry": {"type": "Point", "coordinates": [33.596635, -117.893282]}
},
{
  "type": "Feature",
  "properties": {
    "name": "Santa Monica city"
  },
  "geometry": {"type": "Point", "coordinates": [34.009087, -118.502599]}
},
{
  "type": "Feature",
  "properties": {
    "name": "Calexico city"
  },
  "geometry": {"type": "Point", "coordinates": [32.684859, -115.494737]}
},
{
  "type": "Feature",
  "properties": {
    "name": "El Centro city"
  },
  "geometry": {"type": "Point", "coordinates": [32.786068, -115.559649]}
},
{
  "type": "Feature",
  "properties": {
    "name": "Holtville city"
  },
  "geometry": {"type": "Point", "coordinates": [32.812925, -115.378166]}
},
{
  "type": "Feature",
  "properties": {
    "name": "Imperial city"
  },
  "geometry": {"type": "Point", "coordinates": [32.838803, -115.572013]}
},
{
  "type": "Feature",
  "properties": {
    "name": "Westmorland city"
  },
  "geometry": {"type": "Point", "coordinates": [33.038996, -115.622441]}
},
{
  "type": "Feature",
  "properties": {
    "name": "Citrus Heights city"
  },
  "geometry": {"type": "Point", "coordinates": [38.694812, -121.287951]}
},
{
  "type": "Feature",
  "properties": {
    "name": "Elk Grove city"
  },
  "geometry": {"type": "Point", "coordinates": [38.415525, -121.383623]}
},
{
  "type": "Feature",
  "properties": {
    "name": "Galt city"
  },
  "geometry": {"type": "Point", "coordinates": [38.269334, -121.299400]}
},
{
  "type": "Feature",
  "properties": {
    "name": "Sacramento city"
  },
  "geometry": {"type": "Point", "coordinates": [38.567654, -121.468499]}
},
{
  "type": "Feature",
  "properties": {
    "name": "Hollister city"
  },
  "geometry": {"type": "Point", "coordinates": [36.855604, -121.398602]}
},
{
  "type": "Feature",
  "properties": {
    "name": "Cerritos city"
  },
  "geometry": {"type": "Point", "coordinates": [33.867742, -118.068603]}
},
{
  "type": "Feature",
  "properties": {
    "name": "Covina city"
  },
  "geometry": {"type": "Point", "coordinates": [34.090299, -117.881815]}
},
{
  "type": "Feature",
  "properties": {
    "name": "Lomita city"
  },
  "geometry": {"type": "Point", "coordinates": [33.793307, -118.317455]}
},
{
  "type": "Feature",
  "properties": {
    "name": "Manhattan Beach city"
  },
  "geometry": {"type": "Point", "coordinates": [33.885345, -118.424114]}
},
{
  "type": "Feature",
  "properties": {
    "name": "Maywood city"
  },
  "geometry": {"type": "Point", "coordinates": [33.988547, -118.187708]}
},
{
  "type": "Feature",
  "properties": {
    "name": "Monrovia city"
  },
  "geometry": {"type": "Point", "coordinates": [34.165112, -117.992110]}
},
{
  "type": "Feature",
  "properties": {
    "name": "San Dimas city"
  },
  "geometry": {"type": "Point", "coordinates": [34.108186, -117.808991]}
},
{
  "type": "Feature",
  "properties": {
    "name": "El Paso de Robles (Paso Robles) city"
  },
  "geometry": {"type": "Point", "coordinates": [35.638843, -120.656579]}
},
{
  "type": "Feature",
  "properties": {
    "name": "Morro Bay city"
  },
  "geometry": {"type": "Point", "coordinates": [35.366248, -120.866235]}
},
{
  "type": "Feature",
  "properties": {
    "name": "San Luis Obispo city"
  },
  "geometry": {"type": "Point", "coordinates": [35.266345, -120.668849]}
},
{
  "type": "Feature",
  "properties": {
    "name": "Oakley city"
  },
  "geometry": {"type": "Point", "coordinates": [37.992948, -121.695156]}
},
{
  "type": "Feature",
  "properties": {
    "name": "Coalinga city"
  },
  "geometry": {"type": "Point", "coordinates": [36.141949, -120.325292]}
},
{
  "type": "Feature",
  "properties": {
    "name": "Firebaugh city"
  },
  "geometry": {"type": "Point", "coordinates": [36.852751, -120.453650]}
},
{
  "type": "Feature",
  "properties": {
    "name": "Fowler city"
  },
  "geometry": {"type": "Point", "coordinates": [36.624187, -119.674749]}
},
{
  "type": "Feature",
  "properties": {
    "name": "Kingsburg city"
  },
  "geometry": {"type": "Point", "coordinates": [36.524527, -119.560306]}
},
{
  "type": "Feature",
  "properties": {
    "name": "Amador City city"
  },
  "geometry": {"type": "Point", "coordinates": [38.418994, -120.823263]}
},
{
  "type": "Feature",
  "properties": {
    "name": "Ione city"
  },
  "geometry": {"type": "Point", "coordinates": [38.361304, -120.942226]}
},
{
  "type": "Feature",
  "properties": {
    "name": "Jackson city"
  },
  "geometry": {"type": "Point", "coordinates": [38.348490, -120.772823]}
},
{
  "type": "Feature",
  "properties": {
    "name": "Plymouth city"
  },
  "geometry": {"type": "Point", "coordinates": [38.477623, -120.858430]}
},
{
  "type": "Feature",
  "properties": {
    "name": "Mendota city"
  },
  "geometry": {"type": "Point", "coordinates": [36.755330, -120.377710]}
},
{
  "type": "Feature",
  "properties": {
    "name": "Orange Cove city"
  },
  "geometry": {"type": "Point", "coordinates": [36.621372, -119.318736]}
},
{
  "type": "Feature",
  "properties": {
    "name": "Parlier city"
  },
  "geometry": {"type": "Point", "coordinates": [36.608899, -119.543655]}
},
{
  "type": "Feature",
  "properties": {
    "name": "Reedley city"
  },
  "geometry": {"type": "Point", "coordinates": [36.599020, -119.447362]}
},
{
  "type": "Feature",
  "properties": {
    "name": "Sanger city"
  },
  "geometry": {"type": "Point", "coordinates": [36.701222, -119.557399]}
},
{
  "type": "Feature",
  "properties": {
    "name": "Selma city"
  },
  "geometry": {"type": "Point", "coordinates": [36.571770, -119.613953]}
},
{
  "type": "Feature",
  "properties": {
    "name": "Watsonville city"
  },
  "geometry": {"type": "Point", "coordinates": [36.921697, -121.770990]}
},
{
  "type": "Feature",
  "properties": {
    "name": "Santa Cruz city"
  },
  "geometry": {"type": "Point", "coordinates": [36.973381, -122.035532]}
},
{
  "type": "Feature",
  "properties": {
    "name": "San Fernando city"
  },
  "geometry": {"type": "Point", "coordinates": [34.288652, -118.436242]}
},
{
  "type": "Feature",
  "properties": {
    "name": "Cloverdale city"
  },
  "geometry": {"type": "Point", "coordinates": [38.794796, -123.014705]}
},
{
  "type": "Feature",
  "properties": {
    "name": "Cotati city"
  },
  "geometry": {"type": "Point", "coordinates": [38.327880, -122.709172]}
},
{
  "type": "Feature",
  "properties": {
    "name": "San Buenaventura (Ventura) city"
  },
  "geometry": {"type": "Point", "coordinates": [34.267526, -119.254283]}
},
{
  "type": "Feature",
  "properties": {
    "name": "Glendora city"
  },
  "geometry": {"type": "Point", "coordinates": [34.144929, -117.846752]}
},
{
  "type": "Feature",
  "properties": {
    "name": "Hawthorne city"
  },
  "geometry": {"type": "Point", "coordinates": [33.914669, -118.347689]}
},
{
  "type": "Feature",
  "properties": {
    "name": "Inglewood city"
  },
  "geometry": {"type": "Point", "coordinates": [33.956577, -118.344445]}
},
{
  "type": "Feature",
  "properties": {
    "name": "La Ca?ada Flintridge city"
  },
  "geometry": {"type": "Point", "coordinates": [34.209680, -118.200156]}
},
{
  "type": "Feature",
  "properties": {
    "name": "La Mirada city"
  },
  "geometry": {"type": "Point", "coordinates": [33.902507, -118.009301]}
},
{
  "type": "Feature",
  "properties": {
    "name": "Palmdale city"
  },
  "geometry": {"type": "Point", "coordinates": [34.594433, -118.105704]}
},
{
  "type": "Feature",
  "properties": {
    "name": "Palos Verdes Estates city"
  },
  "geometry": {"type": "Point", "coordinates": [33.783570, -118.437227]}
},
{
  "type": "Feature",
  "properties": {
    "name": "Rolling Hills city"
  },
  "geometry": {"type": "Point", "coordinates": [33.760017, -118.347169]}
},
{
  "type": "Feature",
  "properties": {
    "name": "Santa Clarita city"
  },
  "geometry": {"type": "Point", "coordinates": [34.419894, -118.498887]}
},
{
  "type": "Feature",
  "properties": {
    "name": "Santa Fe Springs city"
  },
  "geometry": {"type": "Point", "coordinates": [33.933011, -118.062503]}
},
{
  "type": "Feature",
  "properties": {
    "name": "Vernon city"
  },
  "geometry": {"type": "Point", "coordinates": [34.001895, -118.210577]}
},
{
  "type": "Feature",
  "properties": {
    "name": "Walnut city"
  },
  "geometry": {"type": "Point", "coordinates": [34.033429, -117.859321]}
},
{
  "type": "Feature",
  "properties": {
    "name": "Sierra Madre city"
  },
  "geometry": {"type": "Point", "coordinates": [34.168713, -118.050341]}
},
{
  "type": "Feature",
  "properties": {
    "name": "South Pasadena city"
  },
  "geometry": {"type": "Point", "coordinates": [34.110266, -118.157301]}
},
{
  "type": "Feature",
  "properties": {
    "name": "Calabasas city"
  },
  "geometry": {"type": "Point", "coordinates": [34.137493, -118.668831]}
},
{
  "type": "Feature",
  "properties": {
    "name": "Rolling Hills Estates city"
  },
  "geometry": {"type": "Point", "coordinates": [33.778346, -118.350918]}
},
{
  "type": "Feature",
  "properties": {
    "name": "Benicia city"
  },
  "geometry": {"type": "Point", "coordinates": [38.072498, -122.152543]}
},
{
  "type": "Feature",
  "properties": {
    "name": "Dixon city"
  },
  "geometry": {"type": "Point", "coordinates": [38.446916, -121.824980]}
},
{
  "type": "Feature",
  "properties": {
    "name": "Rio Vista city"
  },
  "geometry": {"type": "Point", "coordinates": [38.176484, -121.702425]}
},
{
  "type": "Feature",
  "properties": {
    "name": "Lynwood city"
  },
  "geometry": {"type": "Point", "coordinates": [33.923959, -118.201656]}
},
{
  "type": "Feature",
  "properties": {
    "name": "Suisun City city"
  },
  "geometry": {"type": "Point", "coordinates": [38.247267, -122.009137]}
},
{
  "type": "Feature",
  "properties": {
    "name": "Moorpark city"
  },
  "geometry": {"type": "Point", "coordinates": [34.286137, -118.876815]}
},
{
  "type": "Feature",
  "properties": {
    "name": "Rohnert Park city"
  },
  "geometry": {"type": "Point", "coordinates": [38.347936, -122.696439]}
},
{
  "type": "Feature",
  "properties": {
    "name": "Sebastopol city"
  },
  "geometry": {"type": "Point", "coordinates": [38.400003, -122.827587]}
},
{
  "type": "Feature",
  "properties": {
    "name": "Sonoma city"
  },
  "geometry": {"type": "Point", "coordinates": [38.290332, -122.459831]}
},
{
  "type": "Feature",
  "properties": {
    "name": "Camarillo city"
  },
  "geometry": {"type": "Point", "coordinates": [34.222992, -119.032156]}
},
{
  "type": "Feature",
  "properties": {
    "name": "Fillmore city"
  },
  "geometry": {"type": "Point", "coordinates": [34.398958, -118.917460]}
},
{
  "type": "Feature",
  "properties": {
    "name": "Oxnard city"
  },
  "geometry": {"type": "Point", "coordinates": [34.200552, -119.214233]}
},
{
  "type": "Feature",
  "properties": {
    "name": "Los Gatos town"
  },
  "geometry": {"type": "Point", "coordinates": [37.230445, -121.956209]}
},
{
  "type": "Feature",
  "properties": {
    "name": "Gilroy city"
  },
  "geometry": {"type": "Point", "coordinates": [37.004582, -121.585402]}
},
{
  "type": "Feature",
  "properties": {
    "name": "Saratoga city"
  },
  "geometry": {"type": "Point", "coordinates": [37.268327, -122.026220]}
},
{
  "type": "Feature",
  "properties": {
    "name": "Dunsmuir city"
  },
  "geometry": {"type": "Point", "coordinates": [41.231627, -122.271496]}
},
{
  "type": "Feature",
  "properties": {
    "name": "Etna city"
  },
  "geometry": {"type": "Point", "coordinates": [41.458181, -122.894560]}
},
{
  "type": "Feature",
  "properties": {
    "name": "Fort Jones city"
  },
  "geometry": {"type": "Point", "coordinates": [41.608452, -122.841065]}
},
{
  "type": "Feature",
  "properties": {
    "name": "Montague city"
  },
  "geometry": {"type": "Point", "coordinates": [41.727543, -122.530321]}
},
{
  "type": "Feature",
  "properties": {
    "name": "Weed city"
  },
  "geometry": {"type": "Point", "coordinates": [41.412760, -122.381624]}
},
{
  "type": "Feature",
  "properties": {
    "name": "Baldwin Park city"
  },
  "geometry": {"type": "Point", "coordinates": [34.082859, -117.972126]}
},
{
  "type": "Feature",
  "properties": {
    "name": "Beverly Hills city"
  },
  "geometry": {"type": "Point", "coordinates": [34.078563, -118.402117]}
},
{
  "type": "Feature",
  "properties": {
    "name": "Glendale city"
  },
  "geometry": {"type": "Point", "coordinates": [34.181927, -118.246801]}
},
{
  "type": "Feature",
  "properties": {
    "name": "La Puente city"
  },
  "geometry": {"type": "Point", "coordinates": [34.032300, -117.953367]}
},
{
  "type": "Feature",
  "properties": {
    "name": "Los Angeles city"
  },
  "geometry": {"type": "Point", "coordinates": [34.107175, -118.411333]}
},
{
  "type": "Feature",
  "properties": {
    "name": "Paramount city"
  },
  "geometry": {"type": "Point", "coordinates": [33.897629, -118.165118]}
},
{
  "type": "Feature",
  "properties": {
    "name": "Temple City city"
  },
  "geometry": {"type": "Point", "coordinates": [34.102156, -118.057971]}
},
{
  "type": "Feature",
  "properties": {
    "name": "Rancho Cucamonga city"
  },
  "geometry": {"type": "Point", "coordinates": [34.130609, -117.562148]}
},
{
  "type": "Feature",
  "properties": {
    "name": "Campbell city"
  },
  "geometry": {"type": "Point", "coordinates": [37.280188, -121.953818]}
},
{
  "type": "Feature",
  "properties": {
    "name": "Cupertino city"
  },
  "geometry": {"type": "Point", "coordinates": [37.316819, -122.046508]}
},
{
  "type": "Feature",
  "properties": {
    "name": "Los Altos Hills town"
  },
  "geometry": {"type": "Point", "coordinates": [37.366809, -122.138653]}
},
{
  "type": "Feature",
  "properties": {
    "name": "Monte Sereno city"
  },
  "geometry": {"type": "Point", "coordinates": [37.240410, -121.988235]}
},
{
  "type": "Feature",
  "properties": {
    "name": "Palo Alto city"
  },
  "geometry": {"type": "Point", "coordinates": [37.395262, -122.142894]}
},
{
  "type": "Feature",
  "properties": {
    "name": "San Jose city"
  },
  "geometry": {"type": "Point", "coordinates": [37.301446, -121.848570]}
},
{
  "type": "Feature",
  "properties": {
    "name": "Port Hueneme city"
  },
  "geometry": {"type": "Point", "coordinates": [34.161206, -119.203693]}
},
{
  "type": "Feature",
  "properties": {
    "name": "Marysville city"
  },
  "geometry": {"type": "Point", "coordinates": [39.151779, -121.583491]}
},
{
  "type": "Feature",
  "properties": {
    "name": "Barstow city"
  },
  "geometry": {"type": "Point", "coordinates": [34.866047, -117.047106]}
},
{
  "type": "Feature",
  "properties": {
    "name": "Colton city"
  },
  "geometry": {"type": "Point", "coordinates": [34.053619, -117.325301]}
},
{
  "type": "Feature",
  "properties": {
    "name": "Grand Terrace city"
  },
  "geometry": {"type": "Point", "coordinates": [34.031085, -117.313100]}
},
{
  "type": "Feature",
  "properties": {
    "name": "Tulelake city"
  },
  "geometry": {"type": "Point", "coordinates": [41.953294, -121.475223]}
},
{
  "type": "Feature",
  "properties": {
    "name": "Lincoln city"
  },
  "geometry": {"type": "Point", "coordinates": [38.877571, -121.294325]}
},
{
  "type": "Feature",
  "properties": {
    "name": "Loomis town"
  },
  "geometry": {"type": "Point", "coordinates": [38.809361, -121.195385]}
},
{
  "type": "Feature",
  "properties": {
    "name": "San Bruno city"
  },
  "geometry": {"type": "Point", "coordinates": [37.625559, -122.431398]}
},
{
  "type": "Feature",
  "properties": {
    "name": "Point Arena city"
  },
  "geometry": {"type": "Point", "coordinates": [38.912306, -123.695609]}
},
{
  "type": "Feature",
  "properties": {
    "name": "Willits city"
  },
  "geometry": {"type": "Point", "coordinates": [39.404944, -123.349541]}
},
{
  "type": "Feature",
  "properties": {
    "name": "Corte Madera town"
  },
  "geometry": {"type": "Point", "coordinates": [37.925581, -122.507544]}
},
{
  "type": "Feature",
  "properties": {
    "name": "Ross town"
  },
  "geometry": {"type": "Point", "coordinates": [37.963820, -122.561614]}
},
{
  "type": "Feature",
  "properties": {
    "name": "San Anselmo town"
  },
  "geometry": {"type": "Point", "coordinates": [37.982118, -122.569921]}
},
{
  "type": "Feature",
  "properties": {
    "name": "Mill Valley city"
  },
  "geometry": {"type": "Point", "coordinates": [37.908530, -122.542131]}
},
{
  "type": "Feature",
  "properties": {
    "name": "Tiburon town"
  },
  "geometry": {"type": "Point", "coordinates": [37.887958, -122.454413]}
},
{
  "type": "Feature",
  "properties": {
    "name": "Atherton town"
  },
  "geometry": {"type": "Point", "coordinates": [37.454005, -122.203115]}
},
{
  "type": "Feature",
  "properties": {
    "name": "Brisbane city"
  },
  "geometry": {"type": "Point", "coordinates": [37.689808, -122.339685]}
},
{
  "type": "Feature",
  "properties": {
    "name": "Colma town"
  },
  "geometry": {"type": "Point", "coordinates": [37.676697, -122.452821]}
},
{
  "type": "Feature",
  "properties": {
    "name": "East Palo Alto city"
  },
  "geometry": {"type": "Point", "coordinates": [37.467162, -122.134681]}
},
{
  "type": "Feature",
  "properties": {
    "name": "Foster City city"
  },
  "geometry": {"type": "Point", "coordinates": [37.579142, -122.238737]}
},
{
  "type": "Feature",
  "properties": {
    "name": "Half Moon Bay city"
  },
  "geometry": {"type": "Point", "coordinates": [37.468522, -122.438079]}
},
{
  "type": "Feature",
  "properties": {
    "name": "Hillsborough town"
  },
  "geometry": {"type": "Point", "coordinates": [37.557207, -122.358543]}
},
{
  "type": "Feature",
  "properties": {
    "name": "Millbrae city"
  },
  "geometry": {"type": "Point", "coordinates": [37.599407, -122.401992]}
},
{
  "type": "Feature",
  "properties": {
    "name": "Pacifica city"
  },
  "geometry": {"type": "Point", "coordinates": [37.611218, -122.478099]}
},
{
  "type": "Feature",
  "properties": {
    "name": "Belvedere city"
  },
  "geometry": {"type": "Point", "coordinates": [37.870524, -122.470193]}
},
{
  "type": "Feature",
  "properties": {
    "name": "Ceres city"
  },
  "geometry": {"type": "Point", "coordinates": [37.595240, -120.961936]}
},
{
  "type": "Feature",
  "properties": {
    "name": "Hughson city"
  },
  "geometry": {"type": "Point", "coordinates": [37.602135, -120.866005]}
},
{
  "type": "Feature",
  "properties": {
    "name": "Newman city"
  },
  "geometry": {"type": "Point", "coordinates": [37.316129, -121.021424]}
},
{
  "type": "Feature",
  "properties": {
    "name": "Live Oak city"
  },
  "geometry": {"type": "Point", "coordinates": [39.278803, -121.662439]}
},
{
  "type": "Feature",
  "properties": {
    "name": "San Francisco city"
  },
  "geometry": {"type": "Point", "coordinates": [37.759720, -122.693975]}
},
{
  "type": "Feature",
  "properties": {
    "name": "Oakdale city"
  },
  "geometry": {"type": "Point", "coordinates": [37.761753, -120.846842]}
},
{
  "type": "Feature",
  "properties": {
    "name": "Dos Palos city"
  },
  "geometry": {"type": "Point", "coordinates": [36.985423, -120.633845]}
},
{
  "type": "Feature",
  "properties": {
    "name": "Gustine city"
  },
  "geometry": {"type": "Point", "coordinates": [37.252548, -120.995512]}
},
{
  "type": "Feature",
  "properties": {
    "name": "Pacific Grove city"
  },
  "geometry": {"type": "Point", "coordinates": [36.622425, -121.926228]}
},
{
  "type": "Feature",
  "properties": {
    "name": "Livingston city"
  },
  "geometry": {"type": "Point", "coordinates": [37.387489, -120.724870]}
},
{
  "type": "Feature",
  "properties": {
    "name": "Portola city"
  },
  "geometry": {"type": "Point", "coordinates": [39.824141, -120.473250]}
},
{
  "type": "Feature",
  "properties": {
    "name": "San Juan Bautista city"
  },
  "geometry": {"type": "Point", "coordinates": [36.844971, -121.536977]}
},
{
  "type": "Feature",
  "properties": {
    "name": "Menlo Park city"
  },
  "geometry": {"type": "Point", "coordinates": [37.480260, -122.148988]}
},
{
  "type": "Feature",
  "properties": {
    "name": "San Mateo city"
  },
  "geometry": {"type": "Point", "coordinates": [37.560406, -122.310965]}
},
{
  "type": "Feature",
  "properties": {
    "name": "Portola Valley town"
  },
  "geometry": {"type": "Point", "coordinates": [37.371089, -122.220197]}
},
{
  "type": "Feature",
  "properties": {
    "name": "Lawndale city"
  },
  "geometry": {"type": "Point", "coordinates": [33.888435, -118.353143]}
},
{
  "type": "Feature",
  "properties": {
    "name": "Corning city"
  },
  "geometry": {"type": "Point", "coordinates": [39.928201, -122.182007]}
},
{
  "type": "Feature",
  "properties": {
    "name": "Tehama city"
  },
  "geometry": {"type": "Point", "coordinates": [40.021776, -122.126901]}
},
{
  "type": "Feature",
  "properties": {
    "name": "Vallejo city"
  },
  "geometry": {"type": "Point", "coordinates": [38.107090, -122.262729]}
},
{
  "type": "Feature",
  "properties": {
    "name": "Riverside city"
  },
  "geometry": {"type": "Point", "coordinates": [33.938127, -117.394899]}
},
{
  "type": "Feature",
  "properties": {
    "name": "Moreno Valley city"
  },
  "geometry": {"type": "Point", "coordinates": [33.924384, -117.204574]}
},
{
  "type": "Feature",
  "properties": {
    "name": "Corona city"
  },
  "geometry": {"type": "Point", "coordinates": [33.861583, -117.564883]}
},
{
  "type": "Feature",
  "properties": {
    "name": "Lake Elsinore city"
  },
  "geometry": {"type": "Point", "coordinates": [33.684688, -117.334465]}
},
{
  "type": "Feature",
  "properties": {
    "name": "Beaumont city"
  },
  "geometry": {"type": "Point", "coordinates": [33.907557, -116.976553]}
},
{
  "type": "Feature",
  "properties": {
    "name": "Hemet city"
  },
  "geometry": {"type": "Point", "coordinates": [33.734070, -116.996808]}
},
{
  "type": "Feature",
  "properties": {
    "name": "Norco city"
  },
  "geometry": {"type": "Point", "coordinates": [33.925213, -117.549878]}
},
{
  "type": "Feature",
  "properties": {
    "name": "Cathedral City city"
  },
  "geometry": {"type": "Point", "coordinates": [33.836137, -116.464240]}
},
{
  "type": "Feature",
  "properties": {
    "name": "San Jacinto city"
  },
  "geometry": {"type": "Point", "coordinates": [33.796942, -116.991524]}
},
{
  "type": "Feature",
  "properties": {
    "name": "Palm Desert city"
  },
  "geometry": {"type": "Point", "coordinates": [33.737783, -116.369490]}
},
{
  "type": "Feature",
  "properties": {
    "name": "La Habra Heights city"
  },
  "geometry": {"type": "Point", "coordinates": [33.960247, -117.950987]}
},
{
  "type": "Feature",
  "properties": {
    "name": "Sunnyvale city"
  },
  "geometry": {"type": "Point", "coordinates": [37.385752, -122.026394]}
},
{
  "type": "Feature",
  "properties": {
    "name": "Mountain View city"
  },
  "geometry": {"type": "Point", "coordinates": [37.400570, -122.079551]}
},
{
  "type": "Feature",
  "properties": {
    "name": "Los Altos city"
  },
  "geometry": {"type": "Point", "coordinates": [37.368435, -122.096578]}
},
{
  "type": "Feature",
  "properties": {
    "name": "Santa Clara city"
  },
  "geometry": {"type": "Point", "coordinates": [37.364627, -121.967972]}
},
{
  "type": "Feature",
  "properties": {
    "name": "Morgan Hill city"
  },
  "geometry": {"type": "Point", "coordinates": [37.132496, -121.641890]}
},
{
  "type": "Feature",
  "properties": {
    "name": "Pomona city"
  },
  "geometry": {"type": "Point", "coordinates": [34.058481, -117.762609]}
},
{
  "type": "Feature",
  "properties": {
    "name": "Industry city"
  },
  "geometry": {"type": "Point", "coordinates": [34.017433, -117.926642]}
},
{
  "type": "Feature",
  "properties": {
    "name": "Diamond Bar city"
  },
  "geometry": {"type": "Point", "coordinates": [33.999165, -117.816127]}
},
{
  "type": "Feature",
  "properties": {
    "name": "Duarte city"
  },
  "geometry": {"type": "Point", "coordinates": [34.160972, -117.950442]}
},
{
  "type": "Feature",
  "properties": {
    "name": "Arcadia city"
  },
  "geometry": {"type": "Point", "coordinates": [34.134185, -118.037298]}
},
{
  "type": "Feature",
  "properties": {
    "name": "South El Monte city"
  },
  "geometry": {"type": "Point", "coordinates": [34.049341, -118.048319]}
},
{
  "type": "Feature",
  "properties": {
    "name": "Monterey Park city"
  },
  "geometry": {"type": "Point", "coordinates": [34.049711, -118.132539]}
},
{
  "type": "Feature",
  "properties": {
    "name": "West Hollywood city"
  },
  "geometry": {"type": "Point", "coordinates": [34.088267, -118.371831]}
},
{
  "type": "Feature",
  "properties": {
    "name": "West Covina city"
  },
  "geometry": {"type": "Point", "coordinates": [34.055436, -117.911287]}
},
{
  "type": "Feature",
  "properties": {
    "name": "La Verne city"
  },
  "geometry": {"type": "Point", "coordinates": [34.120690, -117.770321]}
},
{
  "type": "Feature",
  "properties": {
    "name": "Irwindale city"
  },
  "geometry": {"type": "Point", "coordinates": [34.112106, -117.963685]}
},
{
  "type": "Feature",
  "properties": {
    "name": "San Marino city"
  },
  "geometry": {"type": "Point", "coordinates": [34.122382, -118.113173]}
},
{
  "type": "Feature",
  "properties": {
    "name": "Burbank city"
  },
  "geometry": {"type": "Point", "coordinates": [34.187910, -118.323486]}
},
{
  "type": "Feature",
  "properties": {
    "name": "Azusa city"
  },
  "geometry": {"type": "Point", "coordinates": [34.138582, -117.912377]}
},
{
  "type": "Feature",
  "properties": {
    "name": "Westlake Village city"
  },
  "geometry": {"type": "Point", "coordinates": [34.136907, -118.822032]}
},
{
  "type": "Feature",
  "properties": {
    "name": "Turlock city"
  },
  "geometry": {"type": "Point", "coordinates": [37.505300, -120.859052]}
},
{
  "type": "Feature",
  "properties": {
    "name": "Fairfax town"
  },
  "geometry": {"type": "Point", "coordinates": [37.988533, -122.595208]}
},
{
  "type": "Feature",
  "properties": {
    "name": "Larkspur city"
  },
  "geometry": {"type": "Point", "coordinates": [37.939239, -122.531132]}
},
{
  "type": "Feature",
  "properties": {
    "name": "Novato city"
  },
  "geometry": {"type": "Point", "coordinates": [38.091499, -122.556560]}
},
{
  "type": "Feature",
  "properties": {
    "name": "Long Beach city"
  },
  "geometry": {"type": "Point", "coordinates": [33.779629, -118.168170]}
},
{
  "type": "Feature",
  "properties": {
    "name": "Signal Hill city"
  },
  "geometry": {"type": "Point", "coordinates": [33.802937, -118.168167]}
},
{
  "type": "Feature",
  "properties": {
    "name": "Rancho Palos Verdes city"
  },
  "geometry": {"type": "Point", "coordinates": [33.733122, -118.391452]}
},
{
  "type": "Feature",
  "properties": {
    "name": "Malibu city"
  },
  "geometry": {"type": "Point", "coordinates": [34.008792, -118.762142]}
},
{
  "type": "Feature",
  "properties": {
    "name": "Lancaster city"
  },
  "geometry": {"type": "Point", "coordinates": [34.693443, -118.175316]}
},
{
  "type": "Feature",
  "properties": {
    "name": "Alhambra city"
  },
  "geometry": {"type": "Point", "coordinates": [34.083974, -118.135514]}
},
{
  "type": "Feature",
  "properties": {
    "name": "Rosemead city"
  },
  "geometry": {"type": "Point", "coordinates": [34.068848, -118.082311]}
},
{
  "type": "Feature",
  "properties": {
    "name": "Montebello city"
  },
  "geometry": {"type": "Point", "coordinates": [34.015443, -118.110797]}
},
{
  "type": "Feature",
  "properties": {
    "name": "Gardena city"
  },
  "geometry": {"type": "Point", "coordinates": [33.894338, -118.307240]}
},
{
  "type": "Feature",
  "properties": {
    "name": "Lakewood city"
  },
  "geometry": {"type": "Point", "coordinates": [33.847074, -118.122159]}
},
{
  "type": "Feature",
  "properties": {
    "name": "Compton city"
  },
  "geometry": {"type": "Point", "coordinates": [33.892962, -118.227508]}
},
{
  "type": "Feature",
  "properties": {
    "name": "San Gabriel city"
  },
  "geometry": {"type": "Point", "coordinates": [34.094829, -118.099078]}
},
{
  "type": "Feature",
  "properties": {
    "name": "Norwalk city"
  },
  "geometry": {"type": "Point", "coordinates": [33.906877, -118.082916]}
},
{
  "type": "Feature",
  "properties": {
    "name": "Downey city"
  },
  "geometry": {"type": "Point", "coordinates": [33.937864, -118.131144]}
},
{
  "type": "Feature",
  "properties": {
    "name": "Whittier city"
  },
  "geometry": {"type": "Point", "coordinates": [33.967818, -118.018794]}
},
{
  "type": "Feature",
  "properties": {
    "name": "Pico Rivera city"
  },
  "geometry": {"type": "Point", "coordinates": [33.990139, -118.088720]}
},
{
  "type": "Feature",
  "properties": {
    "name": "Bell city"
  },
  "geometry": {"type": "Point", "coordinates": [33.980075, -118.179748]}
},
{
  "type": "Feature",
  "properties": {
    "name": "Huntington Park city"
  },
  "geometry": {"type": "Point", "coordinates": [33.979995, -118.216687]}
},
{
  "type": "Feature",
  "properties": {
    "name": "South Gate city"
  },
  "geometry": {"type": "Point", "coordinates": [33.944730, -118.192546]}
},
{
  "type": "Feature",
  "properties": {
    "name": "Culver City city"
  },
  "geometry": {"type": "Point", "coordinates": [34.005786, -118.396829]}
},
{
  "type": "Feature",
  "properties": {
    "name": "Chico city"
  },
  "geometry": {"type": "Point", "coordinates": [39.757237, -121.816960]}
},
{
  "type": "Feature",
  "properties": {
    "name": "Oroville city"
  },
  "geometry": {"type": "Point", "coordinates": [39.499974, -121.563431]}
},
{
  "type": "Feature",
  "properties": {
    "name": "Capitola city"
  },
  "geometry": {"type": "Point", "coordinates": [36.976900, -121.953841]}
},
{
  "type": "Feature",
  "properties": {
    "name": "Scotts Valley city"
  },
  "geometry": {"type": "Point", "coordinates": [37.055500, -122.011766]}
},
{
  "type": "Feature",
  "properties": {
    "name": "Crescent City city"
  },
  "geometry": {"type": "Point", "coordinates": [41.771710, -124.190801]}
},
{
  "type": "Feature",
  "properties": {
    "name": "Madera city"
  },
  "geometry": {"type": "Point", "coordinates": [36.965773, -120.086167]}
},
{
  "type": "Feature",
  "properties": {
    "name": "Patterson city"
  },
  "geometry": {"type": "Point", "coordinates": [37.475803, -121.153644]}
},
{
  "type": "Feature",
  "properties": {
    "name": "Riverbank city"
  },
  "geometry": {"type": "Point", "coordinates": [37.725970, -120.943352]}
},
{
  "type": "Feature",
  "properties": {
    "name": "Waterford city"
  },
  "geometry": {"type": "Point", "coordinates": [37.642863, -120.755331]}
},
{
  "type": "Feature",
  "properties": {
    "name": "Modesto city"
  },
  "geometry": {"type": "Point", "coordinates": [37.637256, -121.002900]}
},
{
  "type": "Feature",
  "properties": {
    "name": "Hayward city"
  },
  "geometry": {"type": "Point", "coordinates": [37.627366, -122.104162]}
},
{
  "type": "Feature",
  "properties": {
    "name": "Livermore city"
  },
  "geometry": {"type": "Point", "coordinates": [37.686757, -121.760651]}
},
{
  "type": "Feature",
  "properties": {
    "name": "Pleasanton city"
  },
  "geometry": {"type": "Point", "coordinates": [37.666324, -121.880506]}
},
{
  "type": "Feature",
  "properties": {
    "name": "Wheatland city"
  },
  "geometry": {"type": "Point", "coordinates": [39.028746, -121.390008]}
},
{
  "type": "Feature",
  "properties": {
    "name": "Blue Lake city"
  },
  "geometry": {"type": "Point", "coordinates": [40.881573, -123.993921]}
},
{
  "type": "Feature",
  "properties": {
    "name": "Fortuna city"
  },
  "geometry": {"type": "Point", "coordinates": [40.586162, -124.141978]}
},
{
  "type": "Feature",
  "properties": {
    "name": "Rio Dell city"
  },
  "geometry": {"type": "Point", "coordinates": [40.503146, -124.111457]}
},
{
  "type": "Feature",
  "properties": {
    "name": "Trinidad city"
  },
  "geometry": {"type": "Point", "coordinates": [41.057841, -124.143162]}
},
{
  "type": "Feature",
  "properties": {
    "name": "Ferndale city"
  },
  "geometry": {"type": "Point", "coordinates": [40.578144, -124.261247]}
},
{
  "type": "Feature",
  "properties": {
    "name": "Arcata city"
  },
  "geometry": {"type": "Point", "coordinates": [40.861669, -124.075235]}
},
{
  "type": "Feature",
  "properties": {
    "name": "Eureka city"
  },
  "geometry": {"type": "Point", "coordinates": [40.797148, -124.154420]}
},
{
  "type": "Feature",
  "properties": {
    "name": "Redondo Beach city"
  },
  "geometry": {"type": "Point", "coordinates": [33.842568, -118.400426]}
},
{
  "type": "Feature",
  "properties": {
    "name": "Torrance city"
  },
  "geometry": {"type": "Point", "coordinates": [33.830601, -118.357199]}
},
{
  "type": "Feature",
  "properties": {
    "name": "Visalia city"
  },
  "geometry": {"type": "Point", "coordinates": [36.327515, -119.326737]}
},
{
  "type": "Feature",
  "properties": {
    "name": "Menifee city"
  },
  "geometry": {"type": "Point", "coordinates": [33.690936, -117.184874]}
},
{
  "type": "Feature",
  "properties": {
    "name": "Belmont city"
  },
  "geometry": {"type": "Point", "coordinates": [37.515369, -122.295392]}
},
{
  "type": "Feature",
  "properties": {
    "name": "Burlingame city"
  },
  "geometry": {"type": "Point", "coordinates": [37.589360, -122.362982]}
},
{
  "type": "Feature",
  "properties": {
    "name": "Daly City city"
  },
  "geometry": {"type": "Point", "coordinates": [37.686227, -122.468593]}
},
{
  "type": "Feature",
  "properties": {
    "name": "San Carlos city"
  },
  "geometry": {"type": "Point", "coordinates": [37.498259, -122.267702]}
},
{
  "type": "Feature",
  "properties": {
    "name": "South San Francisco city"
  },
  "geometry": {"type": "Point", "coordinates": [37.652801, -122.343265]}
},
{
  "type": "Feature",
  "properties": {
    "name": "Woodside town"
  },
  "geometry": {"type": "Point", "coordinates": [37.422154, -122.258594]}
},
{
  "type": "Feature",
  "properties": {
    "name": "Wildomar city"
  },
  "geometry": {"type": "Point", "coordinates": [33.617280, -117.258311]}
},
{
  "type": "Feature",
  "properties": {
    "name": "Banning city"
  },
  "geometry": {"type": "Point", "coordinates": [33.945910, -116.899047]}
},
{
  "type": "Feature",
  "properties": {
    "name": "Brea city"
  },
  "geometry": {"type": "Point", "coordinates": [33.925246, -117.864685]}
},
{
  "type": "Feature",
  "properties": {
    "name": "Irvine city"
  },
  "geometry": {"type": "Point", "coordinates": [33.677207, -117.773828]}
},
{
  "type": "Feature",
  "properties": {
    "name": "La Habra city"
  },
  "geometry": {"type": "Point", "coordinates": [33.928195, -117.951543]}
},
{
  "type": "Feature",
  "properties": {
    "name": "Stanton city"
  },
  "geometry": {"type": "Point", "coordinates": [33.800234, -117.993449]}
},
{
  "type": "Feature",
  "properties": {
    "name": "Ojai city"
  },
  "geometry": {"type": "Point", "coordinates": [34.448709, -119.246990]}
},
{
  "type": "Feature",
  "properties": {
    "name": "Simi Valley city"
  },
  "geometry": {"type": "Point", "coordinates": [34.266241, -118.748965]}
},
{
  "type": "Feature",
  "properties": {
    "name": "Thousand Oaks city"
  },
  "geometry": {"type": "Point", "coordinates": [34.191351, -118.875575]}
},
{
  "type": "Feature",
  "properties": {
    "name": "Rocklin city"
  },
  "geometry": {"type": "Point", "coordinates": [38.807541, -121.248802]}
},
{
  "type": "Feature",
  "properties": {
    "name": "Auburn city"
  },
  "geometry": {"type": "Point", "coordinates": [38.894920, -121.077712]}
},
{
  "type": "Feature",
  "properties": {
    "name": "Roseville city"
  },
  "geometry": {"type": "Point", "coordinates": [38.770293, -121.319659]}
},
{
  "type": "Feature",
  "properties": {
    "name": "Sonora city"
  },
  "geometry": {"type": "Point", "coordinates": [37.981889, -120.382808]}
},
{
  "type": "Feature",
  "properties": {
    "name": "Piedmont city"
  },
  "geometry": {"type": "Point", "coordinates": [37.822545, -122.230025]}
},
{
  "type": "Feature",
  "properties": {
    "name": "Los Banos city"
  },
  "geometry": {"type": "Point", "coordinates": [37.062995, -120.840669]}
},
{
  "type": "Feature",
  "properties": {
    "name": "Chowchilla city"
  },
  "geometry": {"type": "Point", "coordinates": [37.109116, -120.231931]}
},
{
  "type": "Feature",
  "properties": {
    "name": "Calimesa city"
  },
  "geometry": {"type": "Point", "coordinates": [33.987355, -117.054215]}
},
{
  "type": "Feature",
  "properties": {
    "name": "Canyon Lake city"
  },
  "geometry": {"type": "Point", "coordinates": [33.688293, -117.262042]}
},
{
  "type": "Feature",
  "properties": {
    "name": "Coachella city"
  },
  "geometry": {"type": "Point", "coordinates": [33.690380, -116.143124]}
},
{
  "type": "Feature",
  "properties": {
    "name": "Indian Wells city"
  },
  "geometry": {"type": "Point", "coordinates": [33.703658, -116.339560]}
},
{
  "type": "Feature",
  "properties": {
    "name": "La Quinta city"
  },
  "geometry": {"type": "Point", "coordinates": [33.653562, -116.278483]}
},
{
  "type": "Feature",
  "properties": {
    "name": "Nevada City city"
  },
  "geometry": {"type": "Point", "coordinates": [39.260790, -121.023371]}
},
{
  "type": "Feature",
  "properties": {
    "name": "Truckee town"
  },
  "geometry": {"type": "Point", "coordinates": [39.345440, -120.184872]}
},
{
  "type": "Feature",
  "properties": {
    "name": "Porterville city"
  },
  "geometry": {"type": "Point", "coordinates": [36.064497, -119.033901]}
},
{
  "type": "Feature",
  "properties": {
    "name": "Tulare city"
  },
  "geometry": {"type": "Point", "coordinates": [36.200199, -119.339811]}
},
{
  "type": "Feature",
  "properties": {
    "name": "Atwater city"
  },
  "geometry": {"type": "Point", "coordinates": [37.352899, -120.595891]}
},
{
  "type": "Feature",
  "properties": {
    "name": "Merced city"
  },
  "geometry": {"type": "Point", "coordinates": [37.305731, -120.477900]}
},
{
  "type": "Feature",
  "properties": {
    "name": "Rancho Mirage city"
  },
  "geometry": {"type": "Point", "coordinates": [33.763454, -116.427086]}
},
{
  "type": "Feature",
  "properties": {
    "name": "Temecula city"
  },
  "geometry": {"type": "Point", "coordinates": [33.492781, -117.131429]}
},
{
  "type": "Feature",
  "properties": {
    "name": "Desert Hot Springs city"
  },
  "geometry": {"type": "Point", "coordinates": [33.954887, -116.542831]}
},
{
  "type": "Feature",
  "properties": {
    "name": "Palm Springs city"
  },
  "geometry": {"type": "Point", "coordinates": [33.801646, -116.538155]}
},
{
  "type": "Feature",
  "properties": {
    "name": "Placerville city"
  },
  "geometry": {"type": "Point", "coordinates": [38.730783, -120.797868]}
},
{
  "type": "Feature",
  "properties": {
    "name": "Petaluma city"
  },
  "geometry": {"type": "Point", "coordinates": [38.242280, -122.626615]}
},
{
  "type": "Feature",
  "properties": {
    "name": "Santa Rosa city"
  },
  "geometry": {"type": "Point", "coordinates": [38.445789, -122.706718]}
},
{
  "type": "Feature",
  "properties": {
    "name": "Orland city"
  },
  "geometry": {"type": "Point", "coordinates": [39.746146, -122.185732]}
},
{
  "type": "Feature",
  "properties": {
    "name": "Willows city"
  },
  "geometry": {"type": "Point", "coordinates": [39.514904, -122.199477]}
},
{
  "type": "Feature",
  "properties": {
    "name": "San Joaquin city"
  },
  "geometry": {"type": "Point", "coordinates": [36.605590, -120.189766]}
},
{
  "type": "Feature",
  "properties": {
    "name": "La Palma city"
  },
  "geometry": {"type": "Point", "coordinates": [33.850382, -118.040653]}
},
{
  "type": "Feature",
  "properties": {
    "name": "Los Alamitos city"
  },
  "geometry": {"type": "Point", "coordinates": [33.797119, -118.059205]}
},
{
  "type": "Feature",
  "properties": {
    "name": "Mission Viejo city"
  },
  "geometry": {"type": "Point", "coordinates": [33.609558, -117.655140]}
},
{
  "type": "Feature",
  "properties": {
    "name": "Rancho Santa Margarita city"
  },
  "geometry": {"type": "Point", "coordinates": [33.631698, -117.598885]}
},
{
  "type": "Feature",
  "properties": {
    "name": "Avenal city"
  },
  "geometry": {"type": "Point", "coordinates": [36.031117, -120.116160]}
},
{
  "type": "Feature",
  "properties": {
    "name": "San Clemente city"
  },
  "geometry": {"type": "Point", "coordinates": [33.448399, -117.610589]}
},
{
  "type": "Feature",
  "properties": {
    "name": "Seal Beach city"
  },
  "geometry": {"type": "Point", "coordinates": [33.754007, -118.071814]}
},
{
  "type": "Feature",
  "properties": {
    "name": "Villa Park city"
  },
  "geometry": {"type": "Point", "coordinates": [33.818068, -117.810287]}
},
{
  "type": "Feature",
  "properties": {
    "name": "Aliso Viejo city"
  },
  "geometry": {"type": "Point", "coordinates": [33.579212, -117.728898]}
},
{
  "type": "Feature",
  "properties": {
    "name": "Huntington Beach city"
  },
  "geometry": {"type": "Point", "coordinates": [33.694668, -118.002425]}
},
{
  "type": "Feature",
  "properties": {
    "name": "Tustin city"
  },
  "geometry": {"type": "Point", "coordinates": [33.730922, -117.810595]}
},
{
  "type": "Feature",
  "properties": {
    "name": "Buena Park city"
  },
  "geometry": {"type": "Point", "coordinates": [33.857196, -118.004601]}
},
{
  "type": "Feature",
  "properties": {
    "name": "Dana Point city"
  },
  "geometry": {"type": "Point", "coordinates": [33.473003, -117.696346]}
},
{
  "type": "Feature",
  "properties": {
    "name": "Lemoore city"
  },
  "geometry": {"type": "Point", "coordinates": [36.295282, -119.797265]}
},
{
  "type": "Feature",
  "properties": {
    "name": "Fountain Valley city"
  },
  "geometry": {"type": "Point", "coordinates": [33.710507, -117.951372]}
},
{
  "type": "Feature",
  "properties": {
    "name": "Laguna Beach city"
  },
  "geometry": {"type": "Point", "coordinates": [33.542554, -117.761640]}
},
{
  "type": "Feature",
  "properties": {
    "name": "Laguna Hills city"
  },
  "geometry": {"type": "Point", "coordinates": [33.591734, -117.699073]}
},
{
  "type": "Feature",
  "properties": {
    "name": "Laguna Woods city"
  },
  "geometry": {"type": "Point", "coordinates": [33.609924, -117.729876]}
},
{
  "type": "Feature",
  "properties": {
    "name": "Lake Forest city"
  },
  "geometry": {"type": "Point", "coordinates": [33.660487, -117.671368]}
},
{
  "type": "Feature",
  "properties": {
    "name": "Hanford city"
  },
  "geometry": {"type": "Point", "coordinates": [36.327725, -119.654610]}
},
{
  "type": "Feature",
  "properties": {
    "name": "Clayton city"
  },
  "geometry": {"type": "Point", "coordinates": [37.940322, -121.930075]}
},
{
  "type": "Feature",
  "properties": {
    "name": "El Cerrito city"
  },
  "geometry": {"type": "Point", "coordinates": [37.919576, -122.302520]}
},
{
  "type": "Feature",
  "properties": {
    "name": "Hercules city"
  },
  "geometry": {"type": "Point", "coordinates": [38.033533, -122.298464]}
},
{
  "type": "Feature",
  "properties": {
    "name": "Moraga town"
  },
  "geometry": {"type": "Point", "coordinates": [37.843951, -122.122523]}
},
{
  "type": "Feature",
  "properties": {
    "name": "Lathrop city"
  },
  "geometry": {"type": "Point", "coordinates": [37.809002, -121.313126]}
},
{
  "type": "Feature",
  "properties": {
    "name": "Lodi city"
  },
  "geometry": {"type": "Point", "coordinates": [38.121804, -121.293056]}
},
{
  "type": "Feature",
  "properties": {
    "name": "Manteca city"
  },
  "geometry": {"type": "Point", "coordinates": [37.792394, -121.226847]}
},
{
  "type": "Feature",
  "properties": {
    "name": "Tracy city"
  },
  "geometry": {"type": "Point", "coordinates": [37.726606, -121.452280]}
},
{
  "type": "Feature",
  "properties": {
    "name": "Jurupa Valley city"
  },
  "geometry": {"type": "Point", "coordinates": [34.001032, -117.470514]}
},
{
  "type": "Feature",
  "properties": {
    "name": "Calipatria city"
  },
  "geometry": {"type": "Point", "coordinates": [33.149269, -115.505579]}
},
{
  "type": "Feature",
  "properties": {
    "name": "Susanville city"
  },
  "geometry": {"type": "Point", "coordinates": [40.420607, -120.613243]}
},
{
  "type": "Feature",
  "properties": {
    "name": "Anaheim city"
  },
  "geometry": {"type": "Point", "coordinates": [33.838970, -117.857371]}
},
{
  "type": "Feature",
  "properties": {
    "name": "Costa Mesa city"
  },
  "geometry": {"type": "Point", "coordinates": [33.666702, -117.913501]}
},
{
  "type": "Feature",
  "properties": {
    "name": "Cypress city"
  },
  "geometry": {"type": "Point", "coordinates": [33.817094, -118.038576]}
},
{
  "type": "Feature",
  "properties": {
    "name": "Fullerton city"
  },
  "geometry": {"type": "Point", "coordinates": [33.884067, -117.927885]}
},
{
  "type": "Feature",
  "properties": {
    "name": "Garden Grove city"
  },
  "geometry": {"type": "Point", "coordinates": [33.778698, -117.960091]}
},
{
  "type": "Feature",
  "properties": {
    "name": "Laguna Niguel city"
  },
  "geometry": {"type": "Point", "coordinates": [33.527495, -117.705004]}
},
{
  "type": "Feature",
  "properties": {
    "name": "Orange city"
  },
  "geometry": {"type": "Point", "coordinates": [33.803796, -117.821738]}
},
{
  "type": "Feature",
  "properties": {
    "name": "Placentia city"
  },
  "geometry": {"type": "Point", "coordinates": [33.880862, -117.855204]}
},
{
  "type": "Feature",
  "properties": {
    "name": "San Juan Capistrano city"
  },
  "geometry": {"type": "Point", "coordinates": [33.500891, -117.654389]}
},
{
  "type": "Feature",
  "properties": {
    "name": "Santa Ana city"
  },
  "geometry": {"type": "Point", "coordinates": [33.736689, -117.881786]}
},
{
  "type": "Feature",
  "properties": {
    "name": "Westminster city"
  },
  "geometry": {"type": "Point", "coordinates": [33.752291, -117.993873]}
},
{
  "type": "Feature",
  "properties": {
    "name": "Yorba Linda city"
  },
  "geometry": {"type": "Point", "coordinates": [33.889007, -117.771299]}
},
{
  "type": "Feature",
  "properties": {
    "name": "Williams city"
  },
  "geometry": {"type": "Point", "coordinates": [39.149782, -122.138972]}
},
{
  "type": "Feature",
  "properties": {
    "name": "Colusa city"
  },
  "geometry": {"type": "Point", "coordinates": [39.200026, -122.009483]}
},
{
  "type": "Feature",
  "properties": {
    "name": "Escalon city"
  },
  "geometry": {"type": "Point", "coordinates": [37.791266, -120.998168]}
},
{
  "type": "Feature",
  "properties": {
    "name": "Ripon city"
  },
  "geometry": {"type": "Point", "coordinates": [37.741732, -121.130959]}
},
{
  "type": "Feature",
  "properties": {
    "name": "Stockton city"
  },
  "geometry": {"type": "Point", "coordinates": [37.976496, -121.309558]}
},
{
  "type": "Feature",
  "properties": {
    "name": "Apple Valley town"
  },
  "geometry": {"type": "Point", "coordinates": [34.535201, -117.210899]}
},
{
  "type": "Feature",
  "properties": {
    "name": "San Bernardino city"
  },
  "geometry": {"type": "Point", "coordinates": [34.141620, -117.294377]}
},
{
  "type": "Feature",
  "properties": {
    "name": "Hesperia city"
  },
  "geometry": {"type": "Point", "coordinates": [34.397559, -117.314680]}
},
{
  "type": "Feature",
  "properties": {
    "name": "Santa Paula city"
  },
  "geometry": {"type": "Point", "coordinates": [34.354486, -119.065527]}
},
{
  "type": "Feature",
  "properties": {
    "name": "Redding city"
  },
  "geometry": {"type": "Point", "coordinates": [40.570252, -122.365576]}
},
{
  "type": "Feature",
  "properties": {
    "name": "Shasta Lake city"
  },
  "geometry": {"type": "Point", "coordinates": [40.679036, -122.377519]}
},
{
  "type": "Feature",
  "properties": {
    "name": "Victorville city"
  },
  "geometry": {"type": "Point", "coordinates": [34.527725, -117.353620]}
},
{
  "type": "Feature",
  "properties": {
    "name": "Chino Hills city"
  },
  "geometry": {"type": "Point", "coordinates": [33.950833, -117.725403]}
},
{
  "type": "Feature",
  "properties": {
    "name": "Highland city"
  },
  "geometry": {"type": "Point", "coordinates": [34.111295, -117.165048]}
},
{
  "type": "Feature",
  "properties": {
    "name": "Chino city"
  },
  "geometry": {"type": "Point", "coordinates": [33.983659, -117.665421]}
},
{
  "type": "Feature",
  "properties": {
    "name": "Bakersfield city"
  },
  "geometry": {"type": "Point", "coordinates": [35.352843, -119.035862]}
},
{
  "type": "Feature",
  "properties": {
    "name": "Blythe city"
  },
  "geometry": {"type": "Point", "coordinates": [33.621866, -114.619521]}
},
{
  "type": "Feature",
  "properties": {
    "name": "Indio city"
  },
  "geometry": {"type": "Point", "coordinates": [33.734607, -116.234630]}
},
{
  "type": "Feature",
  "properties": {
    "name": "Perris city"
  },
  "geometry": {"type": "Point", "coordinates": [33.789818, -117.223347]}
},
{
  "type": "Feature",
  "properties": {
    "name": "Arvin city"
  },
  "geometry": {"type": "Point", "coordinates": [35.194362, -118.830569]}
},
{
  "type": "Feature",
  "properties": {
    "name": "Ridgecrest city"
  },
  "geometry": {"type": "Point", "coordinates": [35.630714, -117.662157]}
},
{
  "type": "Feature",
  "properties": {
    "name": "Tehachapi city"
  },
  "geometry": {"type": "Point", "coordinates": [35.127636, -118.474359]}
},
{
  "type": "Feature",
  "properties": {
    "name": "Brentwood city"
  },
  "geometry": {"type": "Point", "coordinates": [37.935581, -121.718968]}
},
{
  "type": "Feature",
  "properties": {
    "name": "Redwood City city"
  },
  "geometry": {"type": "Point", "coordinates": [37.517394, -122.211338]}
},
{
  "type": "Feature",
  "properties": {
    "name": "San Rafael city"
  },
  "geometry": {"type": "Point", "coordinates": [37.981803, -122.507285]}
},
{
  "type": "Feature",
  "properties": {
    "name": "Carmel-by-the-Sea city"
  },
  "geometry": {"type": "Point", "coordinates": [36.552881, -121.921918]}
},
{
  "type": "Feature",
  "properties": {
    "name": "Del Rey Oaks city"
  },
  "geometry": {"type": "Point", "coordinates": [36.591331, -121.828952]}
},
{
  "type": "Feature",
  "properties": {
    "name": "Huron city"
  },
  "geometry": {"type": "Point", "coordinates": [36.204381, -120.095118]}
},
{
  "type": "Feature",
  "properties": {
    "name": "Gonzales city"
  },
  "geometry": {"type": "Point", "coordinates": [36.505546, -121.442754]}
},
{
  "type": "Feature",
  "properties": {
    "name": "Greenfield city"
  },
  "geometry": {"type": "Point", "coordinates": [36.324292, -121.243210]}
},
{
  "type": "Feature",
  "properties": {
    "name": "Red Bluff city"
  },
  "geometry": {"type": "Point", "coordinates": [40.173467, -122.241267]}
},
{
  "type": "Feature",
  "properties": {
    "name": "Davis city"
  },
  "geometry": {"type": "Point", "coordinates": [38.555276, -121.737050]}
},
{
  "type": "Feature",
  "properties": {
    "name": "West Sacramento city"
  },
  "geometry": {"type": "Point", "coordinates": [38.555669, -121.550439]}
},
{
  "type": "Feature",
  "properties": {
    "name": "Winters city"
  },
  "geometry": {"type": "Point", "coordinates": [38.531980, -121.978141]}
},
{
  "type": "Feature",
  "properties": {
    "name": "Woodland city"
  },
  "geometry": {"type": "Point", "coordinates": [38.671159, -121.750047]}
},
{
  "type": "Feature",
  "properties": {
    "name": "Fairfield city"
  },
  "geometry": {"type": "Point", "coordinates": [38.258285, -122.033452]}
},
{
  "type": "Feature",
  "properties": {
    "name": "Vacaville city"
  },
  "geometry": {"type": "Point", "coordinates": [38.358679, -121.967336]}
},
{
  "type": "Feature",
  "properties": {
    "name": "Dorris city"
  },
  "geometry": {"type": "Point", "coordinates": [41.964386, -121.920550]}
},
{
  "type": "Feature",
  "properties": {
    "name": "Mount Shasta city"
  },
  "geometry": {"type": "Point", "coordinates": [41.320672, -122.315033]}
},
{
  "type": "Feature",
  "properties": {
    "name": "Ukiah city"
  },
  "geometry": {"type": "Point", "coordinates": [39.147446, -123.205812]}
},
{
  "type": "Feature",
  "properties": {
    "name": "Lakeport city"
  },
  "geometry": {"type": "Point", "coordinates": [39.039193, -122.921795]}
},
{
  "type": "Feature",
  "properties": {
    "name": "Coronado city"
  },
  "geometry": {"type": "Point", "coordinates": [32.642156, -117.165984]}
},
{
  "type": "Feature",
  "properties": {
    "name": "Escondido city"
  },
  "geometry": {"type": "Point", "coordinates": [33.134748, -117.072247]}
},
{
  "type": "Feature",
  "properties": {
    "name": "Imperial Beach city"
  },
  "geometry": {"type": "Point", "coordinates": [32.569116, -117.118271]}
},
{
  "type": "Feature",
  "properties": {
    "name": "Delano city"
  },
  "geometry": {"type": "Point", "coordinates": [35.766158, -119.263529]}
},
{
  "type": "Feature",
  "properties": {
    "name": "McFarland city"
  },
  "geometry": {"type": "Point", "coordinates": [35.667287, -119.230725]}
},
{
  "type": "Feature",
  "properties": {
    "name": "Maricopa city"
  },
  "geometry": {"type": "Point", "coordinates": [35.051568, -119.405797]}
},
{
  "type": "Feature",
  "properties": {
    "name": "Marina city"
  },
  "geometry": {"type": "Point", "coordinates": [36.683518, -121.791655]}
},
{
  "type": "Feature",
  "properties": {
    "name": "Sand City city"
  },
  "geometry": {"type": "Point", "coordinates": [36.627576, -121.858935]}
},
{
  "type": "Feature",
  "properties": {
    "name": "Seaside city"
  },
  "geometry": {"type": "Point", "coordinates": [36.622396, -121.820391]}
},
{
  "type": "Feature",
  "properties": {
    "name": "Soledad city"
  },
  "geometry": {"type": "Point", "coordinates": [36.443100, -121.342585]}
},
{
  "type": "Feature",
  "properties": {
    "name": "Colfax city"
  },
  "geometry": {"type": "Point", "coordinates": [39.093800, -120.953222]}
},
{
  "type": "Feature",
  "properties": {
    "name": "Anderson city"
  },
  "geometry": {"type": "Point", "coordinates": [40.449663, -122.295028]}
},
{
  "type": "Feature",
  "properties": {
    "name": "Yreka city"
  },
  "geometry": {"type": "Point", "coordinates": [41.729255, -122.631154]}
},
{
  "type": "Feature",
  "properties": {
    "name": "Mammoth Lakes town"
  },
  "geometry": {"type": "Point", "coordinates": [37.627263, -118.989944]}
},
{
  "type": "Feature",
  "properties": {
    "name": "Oakland city"
  },
  "geometry": {"type": "Point", "coordinates": [37.769551, -122.224509]}
},
{
  "type": "Feature",
  "properties": {
    "name": "Carson city"
  },
  "geometry": {"type": "Point", "coordinates": [33.837414, -118.255937]}
},
{
  "type": "Feature",
  "properties": {
    "name": "Lemon Grove city"
  },
  "geometry": {"type": "Point", "coordinates": [32.733071, -117.034413]}
},
{
  "type": "Feature",
  "properties": {
    "name": "Chula Vista city"
  },
  "geometry": {"type": "Point", "coordinates": [32.628119, -117.014411]}
},
{
  "type": "Feature",
  "properties": {
    "name": "San Diego city"
  },
  "geometry": {"type": "Point", "coordinates": [32.816815, -117.133400]}
},
{
  "type": "Feature",
  "properties": {
    "name": "Shafter city"
  },
  "geometry": {"type": "Point", "coordinates": [35.479418, -119.201294]}
},
{
  "type": "Feature",
  "properties": {
    "name": "Wasco city"
  },
  "geometry": {"type": "Point", "coordinates": [35.593783, -119.367102]}
},
{
  "type": "Feature",
  "properties": {
    "name": "Sausalito city"
  },
  "geometry": {"type": "Point", "coordinates": [37.858143, -122.491593]}
},
{
  "type": "Feature",
  "properties": {
    "name": "Orinda city"
  },
  "geometry": {"type": "Point", "coordinates": [37.880790, -122.179074]}
},
{
  "type": "Feature",
  "properties": {
    "name": "Pinole city"
  },
  "geometry": {"type": "Point", "coordinates": [38.010559, -122.319684]}
},
{
  "type": "Feature",
  "properties": {
    "name": "Richmond city"
  },
  "geometry": {"type": "Point", "coordinates": [37.951768, -122.360265]}
},
{
  "type": "Feature",
  "properties": {
    "name": "San Pablo city"
  },
  "geometry": {"type": "Point", "coordinates": [37.962862, -122.342582]}
},
{
  "type": "Feature",
  "properties": {
    "name": "Lafayette city"
  },
  "geometry": {"type": "Point", "coordinates": [37.891906, -122.118898]}
},
{
  "type": "Feature",
  "properties": {
    "name": "Loma Linda city"
  },
  "geometry": {"type": "Point", "coordinates": [34.042755, -117.247421]}
},
{
  "type": "Feature",
  "properties": {
    "name": "Montclair city"
  },
  "geometry": {"type": "Point", "coordinates": [34.071494, -117.698079]}
},
{
  "type": "Feature",
  "properties": {
    "name": "Needles city"
  },
  "geometry": {"type": "Point", "coordinates": [34.816407, -114.618872]}
},
{
  "type": "Feature",
  "properties": {
    "name": "Bradbury city"
  },
  "geometry": {"type": "Point", "coordinates": [34.153562, -117.968372]}
},
{
  "type": "Feature",
  "properties": {
    "name": "Ontario city"
  },
  "geometry": {"type": "Point", "coordinates": [34.039262, -117.606410]}
},
{
  "type": "Feature",
  "properties": {
    "name": "Healdsburg city"
  },
  "geometry": {"type": "Point", "coordinates": [38.622529, -122.865134]}
},
{
  "type": "Feature",
  "properties": {
    "name": "Windsor town"
  },
  "geometry": {"type": "Point", "coordinates": [38.542283, -122.808802]}
},
{
  "type": "Feature",
  "properties": {
    "name": "Fort Bragg city"
  },
  "geometry": {"type": "Point", "coordinates": [39.439686, -123.801443]}
},
{
  "type": "Feature",
  "properties": {
    "name": "Kerman city"
  },
  "geometry": {"type": "Point", "coordinates": [36.724912, -120.062580]}
},
{
  "type": "Feature",
  "properties": {
    "name": "Bishop city"
  },
  "geometry": {"type": "Point", "coordinates": [37.366534, -118.395836]}
},
{
  "type": "Feature",
  "properties": {
    "name": "El Cajon city"
  },
  "geometry": {"type": "Point", "coordinates": [32.801673, -116.960470]}
},
{
  "type": "Feature",
  "properties": {
    "name": "Encinitas city"
  },
  "geometry": {"type": "Point", "coordinates": [33.048781, -117.262163]}
},
{
  "type": "Feature",
  "properties": {
    "name": "La Mesa city"
  },
  "geometry": {"type": "Point", "coordinates": [32.770328, -117.020426]}
},
{
  "type": "Feature",
  "properties": {
    "name": "Oceanside city"
  },
  "geometry": {"type": "Point", "coordinates": [33.224645, -117.308420]}
},
{
  "type": "Feature",
  "properties": {
    "name": "Poway city"
  },
  "geometry": {"type": "Point", "coordinates": [32.987150, -117.020114]}
},
{
  "type": "Feature",
  "properties": {
    "name": "San Marcos city"
  },
  "geometry": {"type": "Point", "coordinates": [33.135275, -117.174305]}
},
{
  "type": "Feature",
  "properties": {
    "name": "Alameda city"
  },
  "geometry": {"type": "Point", "coordinates": [37.755776, -122.274276]}
},
{
  "type": "Feature",
  "properties": {
    "name": "Albany city"
  },
  "geometry": {"type": "Point", "coordinates": [37.884644, -122.329048]}
},
{
  "type": "Feature",
  "properties": {
    "name": "Berkeley city"
  },
  "geometry": {"type": "Point", "coordinates": [37.866392, -122.298910]}
},
{
  "type": "Feature",
  "properties": {
    "name": "Dublin city"
  },
  "geometry": {"type": "Point", "coordinates": [37.716132, -121.896225]}
},
{
  "type": "Feature",
  "properties": {
    "name": "Emeryville city"
  },
  "geometry": {"type": "Point", "coordinates": [37.838744, -122.299386]}
},
{
  "type": "Feature",
  "properties": {
    "name": "Vista city"
  },
  "geometry": {"type": "Point", "coordinates": [33.189535, -117.238583]}
},
{
  "type": "Feature",
  "properties": {
    "name": "Newark city"
  },
  "geometry": {"type": "Point", "coordinates": [37.520098, -122.030726]}
},
{
  "type": "Feature",
  "properties": {
    "name": "San Leandro city"
  },
  "geometry": {"type": "Point", "coordinates": [37.704751, -122.163042]}
},
{
  "type": "Feature",
  "properties": {
    "name": "Union City city"
  },
  "geometry": {"type": "Point", "coordinates": [37.602755, -122.018827]}
},
{
  "type": "Feature",
  "properties": {
    "name": "Fremont city"
  },
  "geometry": {"type": "Point", "coordinates": [37.524617, -121.995035]}
},
{
  "type": "Feature",
  "properties": {
    "name": "Napa city"
  },
  "geometry": {"type": "Point", "coordinates": [38.297485, -122.301086]}
},
{
  "type": "Feature",
  "properties": {
    "name": "St. Helena city"
  },
  "geometry": {"type": "Point", "coordinates": [38.506268, -122.468172]}
},
{
  "type": "Feature",
  "properties": {
    "name": "King City city"
  },
  "geometry": {"type": "Point", "coordinates": [36.216363, -121.132881]}
},
{
  "type": "Feature",
  "properties": {
    "name": "Woodlake city"
  },
  "geometry": {"type": "Point", "coordinates": [36.413059, -119.100535]}
},
{
  "type": "Feature",
  "properties": {
    "name": "Twentynine Palms city"
  },
  "geometry": {"type": "Point", "coordinates": [34.147819, -116.065963]}
},
{
  "type": "Feature",
  "properties": {
    "name": "Upland city"
  },
  "geometry": {"type": "Point", "coordinates": [34.117823, -117.660398]}
},
{
  "type": "Feature",
  "properties": {
    "name": "Yucaipa city"
  },
  "geometry": {"type": "Point", "coordinates": [34.033581, -117.042896]}
},
{
  "type": "Feature",
  "properties": {
    "name": "Yucca Valley town"
  },
  "geometry": {"type": "Point", "coordinates": [34.123352, -116.421555]}
},
{
  "type": "Feature",
  "properties": {
    "name": "Paradise town"
  },
  "geometry": {"type": "Point", "coordinates": [39.755812, -121.606317]}
},
{
  "type": "Feature",
  "properties": {
    "name": "Corcoran city"
  },
  "geometry": {"type": "Point", "coordinates": [36.084063, -119.561273]}
},
{
  "type": "Feature",
  "properties": {
    "name": "Adelanto city"
  },
  "geometry": {"type": "Point", "coordinates": [34.581396, -117.439691]}
},
{
  "type": "Feature",
  "properties": {
    "name": "Redlands city"
  },
  "geometry": {"type": "Point", "coordinates": [34.051129, -117.171156]}
},
{
  "type": "Feature",
  "properties": {
    "name": "Carlsbad city"
  },
  "geometry": {"type": "Point", "coordinates": [33.124654, -117.283544]}
},
{
  "type": "Feature",
  "properties": {
    "name": "National City city"
  },
  "geometry": {"type": "Point", "coordinates": [32.665377, -117.098126]}
},
{
  "type": "Feature",
  "properties": {
    "name": "Santee city"
  },
  "geometry": {"type": "Point", "coordinates": [32.855428, -116.985144]}
},
{
  "type": "Feature",
  "properties": {
    "name": "California City city"
  },
  "geometry": {"type": "Point", "coordinates": [35.157774, -117.872072]}
},
{
  "type": "Feature",
  "properties": {
    "name": "Taft city"
  },
  "geometry": {"type": "Point", "coordinates": [35.126695, -119.424201]}
},
{
  "type": "Feature",
  "properties": {
    "name": "Eastvale city"
  },
  "geometry": {"type": "Point", "coordinates": [33.961738, -117.580306]}
},
{
  "type": "Feature",
  "properties": {
    "name": "Big Bear Lake city"
  },
  "geometry": {"type": "Point", "coordinates": [34.242896, -116.895160]}
},
{
  "type": "Feature",
  "properties": {
    "name": "Fontana city"
  },
  "geometry": {"type": "Point", "coordinates": [34.097229, -117.459801]}
},
{
  "type": "Feature",
  "properties": {
    "name": "Rialto city"
  },
  "geometry": {"type": "Point", "coordinates": [34.117432, -117.389225]}
},
{
  "type": "Feature",
  "properties": {
    "name": "Solana Beach city"
  },
  "geometry": {"type": "Point", "coordinates": [32.994143, -117.257902]}
},
{
  "type": "Feature",
  "properties": {
    "name": "Murrieta city"
  },
  "geometry": {"type": "Point", "coordinates": [33.574380, -117.190674]}
},
{
  "type": "Feature",
  "properties": {
    "name": "Sutter Creek city"
  },
  "geometry": {"type": "Point", "coordinates": [38.382696, -120.810596]}
},
{
  "type": "Feature",
  "properties": {
    "name": "Atascadero city"
  },
  "geometry": {"type": "Point", "coordinates": [35.482691, -120.685728]}
},
{
  "type": "Feature",
  "properties": {
    "name": "Grover Beach city"
  },
  "geometry": {"type": "Point", "coordinates": [35.120437, -120.619885]}
},
{
  "type": "Feature",
  "properties": {
    "name": "Pismo Beach city"
  },
  "geometry": {"type": "Point", "coordinates": [35.142842, -120.673669]}
},
{
  "type": "Feature",
  "properties": {
    "name": "Arroyo Grande city"
  },
  "geometry": {"type": "Point", "coordinates": [35.124149, -120.584533]}
},
{
  "type": "Feature",
  "properties": {
    "name": "South Lake Tahoe city"
  },
  "geometry": {"type": "Point", "coordinates": [38.928855, -119.980997]}
},
{
  "type": "Feature",
  "properties": {
    "name": "Acalanes Ridge CDP"
  },
  "geometry": {"type": "Point", "coordinates": [37.904725, -122.078567]}
},
{
  "type": "Feature",
  "properties": {
    "name": "Acampo CDP"
  },
  "geometry": {"type": "Point", "coordinates": [38.173529, -121.279891]}
},
{
  "type": "Feature",
  "properties": {
    "name": "Acton CDP"
  },
  "geometry": {"type": "Point", "coordinates": [34.495589, -118.185764]}
},
{
  "type": "Feature",
  "properties": {
    "name": "Adin CDP"
  },
  "geometry": {"type": "Point", "coordinates": [41.194771, -120.950189]}
},
{
  "type": "Feature",
  "properties": {
    "name": "Agua Dulce CDP"
  },
  "geometry": {"type": "Point", "coordinates": [34.504423, -118.315996]}
},
{
  "type": "Feature",
  "properties": {
    "name": "Aguanga CDP"
  },
  "geometry": {"type": "Point", "coordinates": [33.452247, -116.855470]}
},
{
  "type": "Feature",
  "properties": {
    "name": "Ahwahnee CDP"
  },
  "geometry": {"type": "Point", "coordinates": [37.365425, -119.716562]}
},
{
  "type": "Feature",
  "properties": {
    "name": "Airport CDP"
  },
  "geometry": {"type": "Point", "coordinates": [37.633883, -120.972006]}
},
{
  "type": "Feature",
  "properties": {
    "name": "Alamo CDP"
  },
  "geometry": {"type": "Point", "coordinates": [37.854767, -122.013558]}
},
{
  "type": "Feature",
  "properties": {
    "name": "Albion CDP"
  },
  "geometry": {"type": "Point", "coordinates": [39.225588, -123.756472]}
},
{
  "type": "Feature",
  "properties": {
    "name": "Alderpoint CDP"
  },
  "geometry": {"type": "Point", "coordinates": [40.161347, -123.615729]}
},
{
  "type": "Feature",
  "properties": {
    "name": "Alhambra Valley CDP"
  },
  "geometry": {"type": "Point", "coordinates": [37.966743, -122.135998]}
},
{
  "type": "Feature",
  "properties": {
    "name": "Alleghany CDP"
  },
  "geometry": {"type": "Point", "coordinates": [39.466661, -120.841126]}
},
{
  "type": "Feature",
  "properties": {
    "name": "Allendale CDP"
  },
  "geometry": {"type": "Point", "coordinates": [38.442659, -121.981411]}
},
{
  "type": "Feature",
  "properties": {
    "name": "Allensworth CDP"
  },
  "geometry": {"type": "Point", "coordinates": [35.849879, -119.389210]}
},
{
  "type": "Feature",
  "properties": {
    "name": "Almanor CDP"
  },
  "geometry": {"type": "Point", "coordinates": [40.214494, -121.176220]}
},
{
  "type": "Feature",
  "properties": {
    "name": "Alondra Park CDP"
  },
  "geometry": {"type": "Point", "coordinates": [33.888442, -118.334962]}
},
{
  "type": "Feature",
  "properties": {
    "name": "Alpaugh CDP"
  },
  "geometry": {"type": "Point", "coordinates": [35.889037, -119.485809]}
},
{
  "type": "Feature",
  "properties": {
    "name": "Alpine CDP"
  },
  "geometry": {"type": "Point", "coordinates": [32.843873, -116.758518]}
},
{
  "type": "Feature",
  "properties": {
    "name": "Alpine Village CDP"
  },
  "geometry": {"type": "Point", "coordinates": [38.779347, -119.807780]}
},
{
  "type": "Feature",
  "properties": {
    "name": "Alta CDP"
  },
  "geometry": {"type": "Point", "coordinates": [39.213803, -120.803276]}
},
{
  "type": "Feature",
  "properties": {
    "name": "Altadena CDP"
  },
  "geometry": {"type": "Point", "coordinates": [34.192726, -118.134577]}
},
{
  "type": "Feature",
  "properties": {
    "name": "Alta Sierra CDP"
  },
  "geometry": {"type": "Point", "coordinates": [35.729271, -118.549324]}
},
{
  "type": "Feature",
  "properties": {
    "name": "Alta Sierra CDP"
  },
  "geometry": {"type": "Point", "coordinates": [39.123691, -121.052353]}
},
{
  "type": "Feature",
  "properties": {
    "name": "Alto CDP"
  },
  "geometry": {"type": "Point", "coordinates": [37.905581, -122.518718]}
},
{
  "type": "Feature",
  "properties": {
    "name": "Alum Rock CDP"
  },
  "geometry": {"type": "Point", "coordinates": [37.369408, -121.823809]}
},
{
  "type": "Feature",
  "properties": {
    "name": "Amador Pines CDP"
  },
  "geometry": {"type": "Point", "coordinates": [38.489631, -120.533305]}
},
{
  "type": "Feature",
  "properties": {
    "name": "Amesti CDP"
  },
  "geometry": {"type": "Point", "coordinates": [36.958319, -121.780490]}
},
{
  "type": "Feature",
  "properties": {
    "name": "Anchor Bay CDP"
  },
  "geometry": {"type": "Point", "coordinates": [38.812654, -123.570266]}
},
{
  "type": "Feature",
  "properties": {
    "name": "Angwin CDP"
  },
  "geometry": {"type": "Point", "coordinates": [38.577612, -122.451246]}
},
{
  "type": "Feature",
  "properties": {
    "name": "Antelope CDP"
  },
  "geometry": {"type": "Point", "coordinates": [38.715328, -121.360962]}
},
{
  "type": "Feature",
  "properties": {
    "name": "Anza CDP"
  },
  "geometry": {"type": "Point", "coordinates": [33.567848, -116.696626]}
},
{
  "type": "Feature",
  "properties": {
    "name": "Aptos CDP"
  },
  "geometry": {"type": "Point", "coordinates": [36.991150, -121.893457]}
},
{
  "type": "Feature",
  "properties": {
    "name": "Aptos Hills-Larkin Valley CDP"
  },
  "geometry": {"type": "Point", "coordinates": [36.960590, -121.834046]}
},
{
  "type": "Feature",
  "properties": {
    "name": "Arbuckle CDP"
  },
  "geometry": {"type": "Point", "coordinates": [39.014186, -122.061041]}
},
{
  "type": "Feature",
  "properties": {
    "name": "Arden-Arcade CDP"
  },
  "geometry": {"type": "Point", "coordinates": [38.601707, -121.384497]}
},
{
  "type": "Feature",
  "properties": {
    "name": "Armona CDP"
  },
  "geometry": {"type": "Point", "coordinates": [36.316607, -119.705380]}
},
{
  "type": "Feature",
  "properties": {
    "name": "Arnold CDP"
  },
  "geometry": {"type": "Point", "coordinates": [38.246196, -120.348287]}
},
{
  "type": "Feature",
  "properties": {
    "name": "Aromas CDP"
  },
  "geometry": {"type": "Point", "coordinates": [36.877149, -121.640421]}
},
{
  "type": "Feature",
  "properties": {
    "name": "Artois CDP"
  },
  "geometry": {"type": "Point", "coordinates": [39.633180, -122.189757]}
},
{
  "type": "Feature",
  "properties": {
    "name": "Ashland CDP"
  },
  "geometry": {"type": "Point", "coordinates": [37.694197, -122.115937]}
},
{
  "type": "Feature",
  "properties": {
    "name": "Aspen Springs CDP"
  },
  "geometry": {"type": "Point", "coordinates": [37.549952, -118.708640]}
},
{
  "type": "Feature",
  "properties": {
    "name": "Auberry CDP"
  },
  "geometry": {"type": "Point", "coordinates": [37.085244, -119.449396]}
},
{
  "type": "Feature",
  "properties": {
    "name": "Auburn Lake Trails CDP"
  },
  "geometry": {"type": "Point", "coordinates": [38.891636, -120.984950]}
},
{
  "type": "Feature",
  "properties": {
    "name": "August CDP"
  },
  "geometry": {"type": "Point", "coordinates": [37.979644, -121.262511]}
},
{
  "type": "Feature",
  "properties": {
    "name": "Avery CDP"
  },
  "geometry": {"type": "Point", "coordinates": [38.204894, -120.371369]}
},
{
  "type": "Feature",
  "properties": {
    "name": "Avila Beach CDP"
  },
  "geometry": {"type": "Point", "coordinates": [35.196201, -120.719249]}
},
{
  "type": "Feature",
  "properties": {
    "name": "Avocado Heights CDP"
  },
  "geometry": {"type": "Point", "coordinates": [34.039126, -117.996857]}
},
{
  "type": "Feature",
  "properties": {
    "name": "Baker CDP"
  },
  "geometry": {"type": "Point", "coordinates": [35.276919, -116.071735]}
},
{
  "type": "Feature",
  "properties": {
    "name": "Bakersfield Country Club CDP"
  },
  "geometry": {"type": "Point", "coordinates": [35.389891, -118.940914]}
},
{
  "type": "Feature",
  "properties": {
    "name": "Ballard CDP"
  },
  "geometry": {"type": "Point", "coordinates": [34.639483, -120.109060]}
},
{
  "type": "Feature",
  "properties": {
    "name": "Ballico CDP"
  },
  "geometry": {"type": "Point", "coordinates": [37.451917, -120.703707]}
},
{
  "type": "Feature",
  "properties": {
    "name": "Bangor CDP"
  },
  "geometry": {"type": "Point", "coordinates": [39.376091, -121.411654]}
},
{
  "type": "Feature",
  "properties": {
    "name": "Bass Lake CDP"
  },
  "geometry": {"type": "Point", "coordinates": [37.328177, -119.566702]}
},
{
  "type": "Feature",
  "properties": {
    "name": "Bay Point CDP"
  },
  "geometry": {"type": "Point", "coordinates": [38.032925, -121.961505]}
},
{
  "type": "Feature",
  "properties": {
    "name": "Bayview CDP"
  },
  "geometry": {"type": "Point", "coordinates": [38.005690, -122.320649]}
},
{
  "type": "Feature",
  "properties": {
    "name": "Bayview CDP"
  },
  "geometry": {"type": "Point", "coordinates": [40.765360, -124.178624]}
},
{
  "type": "Feature",
  "properties": {
    "name": "Baywood Park CDP"
  },
  "geometry": {"type": "Point", "coordinates": [37.529163, -122.341638]}
},
{
  "type": "Feature",
  "properties": {
    "name": "Beale AFB CDP"
  },
  "geometry": {"type": "Point", "coordinates": [39.109566, -121.354259]}
},
{
  "type": "Feature",
  "properties": {
    "name": "Bear Creek CDP"
  },
  "geometry": {"type": "Point", "coordinates": [37.296601, -120.417676]}
},
{
  "type": "Feature",
  "properties": {
    "name": "Bear Valley CDP"
  },
  "geometry": {"type": "Point", "coordinates": [38.472162, -120.049146]}
},
{
  "type": "Feature",
  "properties": {
    "name": "Bear Valley CDP"
  },
  "geometry": {"type": "Point", "coordinates": [37.569698, -120.119965]}
},
{
  "type": "Feature",
  "properties": {
    "name": "Bear Valley Springs CDP"
  },
  "geometry": {"type": "Point", "coordinates": [35.173983, -118.653161]}
},
{
  "type": "Feature",
  "properties": {
    "name": "Beckwourth CDP"
  },
  "geometry": {"type": "Point", "coordinates": [39.848532, -120.411047]}
},
{
  "type": "Feature",
  "properties": {
    "name": "Belden CDP"
  },
  "geometry": {"type": "Point", "coordinates": [40.004013, -121.253761]}
},
{
  "type": "Feature",
  "properties": {
    "name": "Bella Vista CDP"
  },
  "geometry": {"type": "Point", "coordinates": [40.642689, -122.246046]}
},
{
  "type": "Feature",
  "properties": {
    "name": "Bell Canyon CDP"
  },
  "geometry": {"type": "Point", "coordinates": [34.208148, -118.687573]}
},
{
  "type": "Feature",
  "properties": {
    "name": "Benbow CDP"
  },
  "geometry": {"type": "Point", "coordinates": [40.060268, -123.765385]}
},
{
  "type": "Feature",
  "properties": {
    "name": "Bend CDP"
  },
  "geometry": {"type": "Point", "coordinates": [40.256018, -122.209577]}
},
{
  "type": "Feature",
  "properties": {
    "name": "Ben Lomond CDP"
  },
  "geometry": {"type": "Point", "coordinates": [37.078212, -122.088105]}
},
{
  "type": "Feature",
  "properties": {
    "name": "Benton CDP"
  },
  "geometry": {"type": "Point", "coordinates": [37.818924, -118.484474]}
},
{
  "type": "Feature",
  "properties": {
    "name": "Benton Park CDP"
  },
  "geometry": {"type": "Point", "coordinates": [35.346439, -119.029815]}
},
{
  "type": "Feature",
  "properties": {
    "name": "Bermuda Dunes CDP"
  },
  "geometry": {"type": "Point", "coordinates": [33.743490, -116.287336]}
},
{
  "type": "Feature",
  "properties": {
    "name": "Berry Creek CDP"
  },
  "geometry": {"type": "Point", "coordinates": [39.631358, -121.405227]}
},
{
  "type": "Feature",
  "properties": {
    "name": "Bertsch-Oceanview CDP"
  },
  "geometry": {"type": "Point", "coordinates": [41.752491, -124.159390]}
},
{
  "type": "Feature",
  "properties": {
    "name": "Bethel Island CDP"
  },
  "geometry": {"type": "Point", "coordinates": [38.028879, -121.640368]}
},
{
  "type": "Feature",
  "properties": {
    "name": "Bieber CDP"
  },
  "geometry": {"type": "Point", "coordinates": [41.133253, -121.129471]}
},
{
  "type": "Feature",
  "properties": {
    "name": "Big Bear City CDP"
  },
  "geometry": {"type": "Point", "coordinates": [34.253632, -116.790308]}
},
{
  "type": "Feature",
  "properties": {
    "name": "Big Bend CDP"
  },
  "geometry": {"type": "Point", "coordinates": [41.010835, -121.924014]}
},
{
  "type": "Feature",
  "properties": {
    "name": "Big Creek CDP"
  },
  "geometry": {"type": "Point", "coordinates": [37.203565, -119.248488]}
},
{
  "type": "Feature",
  "properties": {
    "name": "Big Lagoon CDP"
  },
  "geometry": {"type": "Point", "coordinates": [41.159427, -124.129746]}
},
{
  "type": "Feature",
  "properties": {
    "name": "Big Pine CDP"
  },
  "geometry": {"type": "Point", "coordinates": [37.165518, -118.295140]}
},
{
  "type": "Feature",
  "properties": {
    "name": "Big River CDP"
  },
  "geometry": {"type": "Point", "coordinates": [34.139303, -114.360540]}
},
{
  "type": "Feature",
  "properties": {
    "name": "Biola CDP"
  },
  "geometry": {"type": "Point", "coordinates": [36.799938, -120.021037]}
},
{
  "type": "Feature",
  "properties": {
    "name": "Blackhawk CDP"
  },
  "geometry": {"type": "Point", "coordinates": [37.815932, -121.907058]}
},
{
  "type": "Feature",
  "properties": {
    "name": "Blacklake CDP"
  },
  "geometry": {"type": "Point", "coordinates": [35.049689, -120.538642]}
},
{
  "type": "Feature",
  "properties": {
    "name": "Black Point-Green Point CDP"
  },
  "geometry": {"type": "Point", "coordinates": [38.112026, -122.519061]}
},
{
  "type": "Feature",
  "properties": {
    "name": "Blairsden CDP"
  },
  "geometry": {"type": "Point", "coordinates": [39.775205, -120.610845]}
},
{
  "type": "Feature",
  "properties": {
    "name": "Bloomfield CDP"
  },
  "geometry": {"type": "Point", "coordinates": [38.318283, -122.850237]}
},
{
  "type": "Feature",
  "properties": {
    "name": "Bloomington CDP"
  },
  "geometry": {"type": "Point", "coordinates": [34.060072, -117.401239]}
},
{
  "type": "Feature",
  "properties": {
    "name": "Bluewater CDP"
  },
  "geometry": {"type": "Point", "coordinates": [34.175946, -114.264053]}
},
{
  "type": "Feature",
  "properties": {
    "name": "Bodega CDP"
  },
  "geometry": {"type": "Point", "coordinates": [38.348842, -122.971165]}
},
{
  "type": "Feature",
  "properties": {
    "name": "Bodega Bay CDP"
  },
  "geometry": {"type": "Point", "coordinates": [38.320228, -123.032416]}
},
{
  "type": "Feature",
  "properties": {
    "name": "Bodfish CDP"
  },
  "geometry": {"type": "Point", "coordinates": [35.576453, -118.476434]}
},
{
  "type": "Feature",
  "properties": {
    "name": "Bolinas CDP"
  },
  "geometry": {"type": "Point", "coordinates": [37.917726, -122.709503]}
},
{
  "type": "Feature",
  "properties": {
    "name": "Bombay Beach CDP"
  },
  "geometry": {"type": "Point", "coordinates": [33.355610, -115.726902]}
},
{
  "type": "Feature",
  "properties": {
    "name": "Bonadelle Ranchos CDP"
  },
  "geometry": {"type": "Point", "coordinates": [36.968814, -119.892770]}
},
{
  "type": "Feature",
  "properties": {
    "name": "Bonita CDP"
  },
  "geometry": {"type": "Point", "coordinates": [32.665103, -117.029659]}
},
{
  "type": "Feature",
  "properties": {
    "name": "Bonny Doon CDP"
  },
  "geometry": {"type": "Point", "coordinates": [37.043583, -122.136976]}
},
{
  "type": "Feature",
  "properties": {
    "name": "Bonsall CDP"
  },
  "geometry": {"type": "Point", "coordinates": [33.276448, -117.194072]}
},
{
  "type": "Feature",
  "properties": {
    "name": "Boonville CDP"
  },
  "geometry": {"type": "Point", "coordinates": [39.011475, -123.374044]}
},
{
  "type": "Feature",
  "properties": {
    "name": "Bootjack CDP"
  },
  "geometry": {"type": "Point", "coordinates": [37.467348, -119.885263]}
},
{
  "type": "Feature",
  "properties": {
    "name": "Boron CDP"
  },
  "geometry": {"type": "Point", "coordinates": [35.016116, -117.666104]}
},
{
  "type": "Feature",
  "properties": {
    "name": "Boronda CDP"
  },
  "geometry": {"type": "Point", "coordinates": [36.694633, -121.674511]}
},
{
  "type": "Feature",
  "properties": {
    "name": "Borrego Springs CDP"
  },
  "geometry": {"type": "Point", "coordinates": [33.240979, -116.357136]}
},
{
  "type": "Feature",
  "properties": {
    "name": "Bostonia CDP"
  },
  "geometry": {"type": "Point", "coordinates": [32.818900, -116.947921]}
},
{
  "type": "Feature",
  "properties": {
    "name": "Boulder Creek CDP"
  },
  "geometry": {"type": "Point", "coordinates": [37.134100, -122.127208]}
},
{
  "type": "Feature",
  "properties": {
    "name": "Boulevard CDP"
  },
  "geometry": {"type": "Point", "coordinates": [32.664022, -116.289601]}
},
{
  "type": "Feature",
  "properties": {
    "name": "Bowles CDP"
  },
  "geometry": {"type": "Point", "coordinates": [36.608874, -119.752564]}
},
{
  "type": "Feature",
  "properties": {
    "name": "Boyes Hot Springs CDP"
  },
  "geometry": {"type": "Point", "coordinates": [38.312633, -122.488738]}
},
{
  "type": "Feature",
  "properties": {
    "name": "Bradley CDP"
  },
  "geometry": {"type": "Point", "coordinates": [35.862840, -120.804268]}
},
{
  "type": "Feature",
  "properties": {
    "name": "Bret Harte CDP"
  },
  "geometry": {"type": "Point", "coordinates": [37.602078, -121.004380]}
},
{
  "type": "Feature",
  "properties": {
    "name": "Bridgeport CDP"
  },
  "geometry": {"type": "Point", "coordinates": [38.256145, -119.212284]}
},
{
  "type": "Feature",
  "properties": {
    "name": "Broadmoor CDP"
  },
  "geometry": {"type": "Point", "coordinates": [37.691495, -122.481339]}
},
{
  "type": "Feature",
  "properties": {
    "name": "Brookdale CDP"
  },
  "geometry": {"type": "Point", "coordinates": [37.105731, -122.110623]}
},
{
  "type": "Feature",
  "properties": {
    "name": "Brooks CDP"
  },
  "geometry": {"type": "Point", "coordinates": [38.736881, -122.146807]}
},
{
  "type": "Feature",
  "properties": {
    "name": "Brooktrails CDP"
  },
  "geometry": {"type": "Point", "coordinates": [39.442865, -123.396315]}
},
{
  "type": "Feature",
  "properties": {
    "name": "Buckhorn CDP"
  },
  "geometry": {"type": "Point", "coordinates": [38.454797, -120.532334]}
},
{
  "type": "Feature",
  "properties": {
    "name": "Buck Meadows CDP"
  },
  "geometry": {"type": "Point", "coordinates": [37.810350, -120.068805]}
},
{
  "type": "Feature",
  "properties": {
    "name": "Bucks Lake CDP"
  },
  "geometry": {"type": "Point", "coordinates": [39.879739, -121.194119]}
},
{
  "type": "Feature",
  "properties": {
    "name": "Buena Vista CDP"
  },
  "geometry": {"type": "Point", "coordinates": [38.297487, -120.917402]}
},
{
  "type": "Feature",
  "properties": {
    "name": "Burbank CDP"
  },
  "geometry": {"type": "Point", "coordinates": [37.321084, -121.930618]}
},
{
  "type": "Feature",
  "properties": {
    "name": "Burney CDP"
  },
  "geometry": {"type": "Point", "coordinates": [40.884666, -121.669077]}
},
{
  "type": "Feature",
  "properties": {
    "name": "Burnt Ranch CDP"
  },
  "geometry": {"type": "Point", "coordinates": [40.811028, -123.508202]}
},
{
  "type": "Feature",
  "properties": {
    "name": "Butte Creek Canyon CDP"
  },
  "geometry": {"type": "Point", "coordinates": [39.748941, -121.696846]}
},
{
  "type": "Feature",
  "properties": {
    "name": "Butte Meadows CDP"
  },
  "geometry": {"type": "Point", "coordinates": [40.087156, -121.536948]}
},
{
  "type": "Feature",
  "properties": {
    "name": "Butte Valley CDP"
  },
  "geometry": {"type": "Point", "coordinates": [39.657087, -121.636335]}
},
{
  "type": "Feature",
  "properties": {
    "name": "Buttonwillow CDP"
  },
  "geometry": {"type": "Point", "coordinates": [35.409227, -119.440668]}
},
{
  "type": "Feature",
  "properties": {
    "name": "Byron CDP"
  },
  "geometry": {"type": "Point", "coordinates": [37.875645, -121.642124]}
},
{
  "type": "Feature",
  "properties": {
    "name": "Bystrom CDP"
  },
  "geometry": {"type": "Point", "coordinates": [37.619781, -120.981408]}
},
{
  "type": "Feature",
  "properties": {
    "name": "Cabazon CDP"
  },
  "geometry": {"type": "Point", "coordinates": [33.912725, -116.782834]}
},
{
  "type": "Feature",
  "properties": {
    "name": "California Hot Springs CDP"
  },
  "geometry": {"type": "Point", "coordinates": [35.887568, -118.655022]}
},
{
  "type": "Feature",
  "properties": {
    "name": "California Pines CDP"
  },
  "geometry": {"type": "Point", "coordinates": [41.411652, -120.660450]}
},
{
  "type": "Feature",
  "properties": {
    "name": "California Polytechnic State University CDP"
  },
  "geometry": {"type": "Point", "coordinates": [35.305336, -120.665525]}
},
{
  "type": "Feature",
  "properties": {
    "name": "Callender CDP"
  },
  "geometry": {"type": "Point", "coordinates": [35.047972, -120.575908]}
},
{
  "type": "Feature",
  "properties": {
    "name": "Calpella CDP"
  },
  "geometry": {"type": "Point", "coordinates": [39.232310, -123.196905]}
},
{
  "type": "Feature",
  "properties": {
    "name": "Calpine CDP"
  },
  "geometry": {"type": "Point", "coordinates": [39.663294, -120.443543]}
},
{
  "type": "Feature",
  "properties": {
    "name": "Calwa CDP"
  },
  "geometry": {"type": "Point", "coordinates": [36.713556, -119.760719]}
},
{
  "type": "Feature",
  "properties": {
    "name": "Camanche North Shore CDP"
  },
  "geometry": {"type": "Point", "coordinates": [38.244218, -120.953915]}
},
{
  "type": "Feature",
  "properties": {
    "name": "Camanche Village CDP"
  },
  "geometry": {"type": "Point", "coordinates": [38.266189, -120.986608]}
},
{
  "type": "Feature",
  "properties": {
    "name": "Cambria CDP"
  },
  "geometry": {"type": "Point", "coordinates": [35.552073, -121.084145]}
},
{
  "type": "Feature",
  "properties": {
    "name": "Cambrian Park CDP"
  },
  "geometry": {"type": "Point", "coordinates": [37.256059, -121.928778]}
},
{
  "type": "Feature",
  "properties": {
    "name": "Cameron Park CDP"
  },
  "geometry": {"type": "Point", "coordinates": [38.673694, -120.987196]}
},
{
  "type": "Feature",
  "properties": {
    "name": "Camino CDP"
  },
  "geometry": {"type": "Point", "coordinates": [38.742264, -120.680808]}
},
{
  "type": "Feature",
  "properties": {
    "name": "Camino Tassajara CDP"
  },
  "geometry": {"type": "Point", "coordinates": [37.790886, -121.885052]}
},
{
  "type": "Feature",
  "properties": {
    "name": "Camp Nelson CDP"
  },
  "geometry": {"type": "Point", "coordinates": [36.141978, -118.610709]}
},
{
  "type": "Feature",
  "properties": {
    "name": "Campo CDP"
  },
  "geometry": {"type": "Point", "coordinates": [32.639430, -116.474435]}
},
{
  "type": "Feature",
  "properties": {
    "name": "Campo Seco CDP"
  },
  "geometry": {"type": "Point", "coordinates": [38.220743, -120.859054]}
},
{
  "type": "Feature",
  "properties": {
    "name": "Camp Pendleton Mainside CDP"
  },
  "geometry": {"type": "Point", "coordinates": [33.311719, -117.324728]}
},
{
  "type": "Feature",
  "properties": {
    "name": "Camp Pendleton South CDP"
  },
  "geometry": {"type": "Point", "coordinates": [33.232876, -117.393194]}
},
{
  "type": "Feature",
  "properties": {
    "name": "Camptonville CDP"
  },
  "geometry": {"type": "Point", "coordinates": [39.452072, -121.048668]}
},
{
  "type": "Feature",
  "properties": {
    "name": "Canby CDP"
  },
  "geometry": {"type": "Point", "coordinates": [41.447786, -120.884290]}
},
{
  "type": "Feature",
  "properties": {
    "name": "Cantua Creek CDP"
  },
  "geometry": {"type": "Point", "coordinates": [36.500045, -120.316361]}
},
{
  "type": "Feature",
  "properties": {
    "name": "Canyondam CDP"
  },
  "geometry": {"type": "Point", "coordinates": [40.169867, -121.076985]}
},
{
  "type": "Feature",
  "properties": {
    "name": "Caribou CDP"
  },
  "geometry": {"type": "Point", "coordinates": [40.076158, -121.161519]}
},
{
  "type": "Feature",
  "properties": {
    "name": "Carmel Valley Village CDP"
  },
  "geometry": {"type": "Point", "coordinates": [36.482334, -121.719800]}
},
{
  "type": "Feature",
  "properties": {
    "name": "Carmet CDP"
  },
  "geometry": {"type": "Point", "coordinates": [38.374452, -123.071859]}
},
{
  "type": "Feature",
  "properties": {
    "name": "Carmichael CDP"
  },
  "geometry": {"type": "Point", "coordinates": [38.631833, -121.326288]}
},
{
  "type": "Feature",
  "properties": {
    "name": "Carnelian Bay CDP"
  },
  "geometry": {"type": "Point", "coordinates": [39.233722, -120.076329]}
},
{
  "type": "Feature",
  "properties": {
    "name": "Carrick CDP"
  },
  "geometry": {"type": "Point", "coordinates": [41.446746, -122.363457]}
},
{
  "type": "Feature",
  "properties": {
    "name": "Cartago CDP"
  },
  "geometry": {"type": "Point", "coordinates": [36.312291, -118.026124]}
},
{
  "type": "Feature",
  "properties": {
    "name": "Caruthers CDP"
  },
  "geometry": {"type": "Point", "coordinates": [36.539907, -119.845027]}
},
{
  "type": "Feature",
  "properties": {
    "name": "Casa Conejo CDP"
  },
  "geometry": {"type": "Point", "coordinates": [34.184731, -118.944517]}
},
{
  "type": "Feature",
  "properties": {
    "name": "Casa de Oro-Mount Helix CDP"
  },
  "geometry": {"type": "Point", "coordinates": [32.763961, -116.968806]}
},
{
  "type": "Feature",
  "properties": {
    "name": "Casa Loma CDP"
  },
  "geometry": {"type": "Point", "coordinates": [35.343230, -118.998711]}
},
{
  "type": "Feature",
  "properties": {
    "name": "Casmalia CDP"
  },
  "geometry": {"type": "Point", "coordinates": [34.837799, -120.531044]}
},
{
  "type": "Feature",
  "properties": {
    "name": "Caspar CDP"
  },
  "geometry": {"type": "Point", "coordinates": [39.363063, -123.804194]}
},
{
  "type": "Feature",
  "properties": {
    "name": "Cassel CDP"
  },
  "geometry": {"type": "Point", "coordinates": [40.921269, -121.551358]}
},
{
  "type": "Feature",
  "properties": {
    "name": "Castaic CDP"
  },
  "geometry": {"type": "Point", "coordinates": [34.481780, -118.631646]}
},
{
  "type": "Feature",
  "properties": {
    "name": "Castella CDP"
  },
  "geometry": {"type": "Point", "coordinates": [41.155169, -122.303114]}
},
{
  "type": "Feature",
  "properties": {
    "name": "Castle Hill CDP"
  },
  "geometry": {"type": "Point", "coordinates": [37.874718, -122.058582]}
},
{
  "type": "Feature",
  "properties": {
    "name": "Castro Valley CDP"
  },
  "geometry": {"type": "Point", "coordinates": [37.708851, -122.062648]}
},
{
  "type": "Feature",
  "properties": {
    "name": "Castroville CDP"
  },
  "geometry": {"type": "Point", "coordinates": [36.764841, -121.753377]}
},
{
  "type": "Feature",
  "properties": {
    "name": "Catheys Valley CDP"
  },
  "geometry": {"type": "Point", "coordinates": [37.430791, -120.099451]}
},
{
  "type": "Feature",
  "properties": {
    "name": "Cayucos CDP"
  },
  "geometry": {"type": "Point", "coordinates": [35.437377, -120.887981]}
},
{
  "type": "Feature",
  "properties": {
    "name": "Cazadero CDP"
  },
  "geometry": {"type": "Point", "coordinates": [38.526495, -123.097836]}
},
{
  "type": "Feature",
  "properties": {
    "name": "Cedar Flat CDP"
  },
  "geometry": {"type": "Point", "coordinates": [39.210101, -120.096510]}
},
{
  "type": "Feature",
  "properties": {
    "name": "Cedar Ridge CDP"
  },
  "geometry": {"type": "Point", "coordinates": [38.066029, -120.273736]}
},
{
  "type": "Feature",
  "properties": {
    "name": "Cedar Slope CDP"
  },
  "geometry": {"type": "Point", "coordinates": [36.145464, -118.578881]}
},
{
  "type": "Feature",
  "properties": {
    "name": "Cedarville CDP"
  },
  "geometry": {"type": "Point", "coordinates": [41.528044, -120.174783]}
},
{
  "type": "Feature",
  "properties": {
    "name": "Centerville CDP"
  },
  "geometry": {"type": "Point", "coordinates": [36.736117, -119.496003]}
},
{
  "type": "Feature",
  "properties": {
    "name": "Centerville CDP"
  },
  "geometry": {"type": "Point", "coordinates": [40.542839, -122.463960]}
},
{
  "type": "Feature",
  "properties": {
    "name": "Chalfant CDP"
  },
  "geometry": {"type": "Point", "coordinates": [37.510504, -118.375070]}
},
{
  "type": "Feature",
  "properties": {
    "name": "Challenge-Brownsville CDP"
  },
  "geometry": {"type": "Point", "coordinates": [39.464618, -121.263244]}
},
{
  "type": "Feature",
  "properties": {
    "name": "Channel Islands Beach CDP"
  },
  "geometry": {"type": "Point", "coordinates": [34.162297, -119.224326]}
},
{
  "type": "Feature",
  "properties": {
    "name": "Charleston View CDP"
  },
  "geometry": {"type": "Point", "coordinates": [35.964629, -115.897235]}
},
{
  "type": "Feature",
  "properties": {
    "name": "Charter Oak CDP"
  },
  "geometry": {"type": "Point", "coordinates": [34.102491, -117.856282]}
},
{
  "type": "Feature",
  "properties": {
    "name": "Cherokee CDP"
  },
  "geometry": {"type": "Point", "coordinates": [39.651391, -121.534484]}
},
{
  "type": "Feature",
  "properties": {
    "name": "Cherokee Strip CDP"
  },
  "geometry": {"type": "Point", "coordinates": [35.469567, -119.261526]}
},
{
  "type": "Feature",
  "properties": {
    "name": "Cherryland CDP"
  },
  "geometry": {"type": "Point", "coordinates": [37.679216, -122.103777]}
},
{
  "type": "Feature",
  "properties": {
    "name": "Cherry Valley CDP"
  },
  "geometry": {"type": "Point", "coordinates": [33.979643, -116.969370]}
},
{
  "type": "Feature",
  "properties": {
    "name": "Chester CDP"
  },
  "geometry": {"type": "Point", "coordinates": [40.301703, -121.233881]}
},
{
  "type": "Feature",
  "properties": {
    "name": "Chilcoot-Vinton CDP"
  },
  "geometry": {"type": "Point", "coordinates": [39.806747, -120.138862]}
},
{
  "type": "Feature",
  "properties": {
    "name": "China Lake Acres CDP"
  },
  "geometry": {"type": "Point", "coordinates": [35.638769, -117.766832]}
},
{
  "type": "Feature",
  "properties": {
    "name": "Chinese Camp CDP"
  },
  "geometry": {"type": "Point", "coordinates": [37.870244, -120.444290]}
},
{
  "type": "Feature",
  "properties": {
    "name": "Choctaw Valley CDP"
  },
  "geometry": {"type": "Point", "coordinates": [35.448555, -118.887191]}
},
{
  "type": "Feature",
  "properties": {
    "name": "Chualar CDP"
  },
  "geometry": {"type": "Point", "coordinates": [36.571113, -121.510295]}
},
{
  "type": "Feature",
  "properties": {
    "name": "Citrus CDP"
  },
  "geometry": {"type": "Point", "coordinates": [34.116050, -117.889016]}
},
{
  "type": "Feature",
  "properties": {
    "name": "Clarksburg CDP"
  },
  "geometry": {"type": "Point", "coordinates": [38.419336, -121.541618]}
},
{
  "type": "Feature",
  "properties": {
    "name": "Clay CDP"
  },
  "geometry": {"type": "Point", "coordinates": [38.314039, -121.159589]}
},
{
  "type": "Feature",
  "properties": {
    "name": "Clear Creek CDP"
  },
  "geometry": {"type": "Point", "coordinates": [40.302270, -121.053120]}
},
{
  "type": "Feature",
  "properties": {
    "name": "Clearlake Oaks CDP"
  },
  "geometry": {"type": "Point", "coordinates": [39.021831, -122.659287]}
},
{
  "type": "Feature",
  "properties": {
    "name": "Clearlake Riviera CDP"
  },
  "geometry": {"type": "Point", "coordinates": [38.951315, -122.720801]}
},
{
  "type": "Feature",
  "properties": {
    "name": "Cleone CDP"
  },
  "geometry": {"type": "Point", "coordinates": [39.492723, -123.781300]}
},
{
  "type": "Feature",
  "properties": {
    "name": "Clio CDP"
  },
  "geometry": {"type": "Point", "coordinates": [39.748682, -120.572368]}
},
{
  "type": "Feature",
  "properties": {
    "name": "Clipper Mills CDP"
  },
  "geometry": {"type": "Point", "coordinates": [39.532424, -121.166552]}
},
{
  "type": "Feature",
  "properties": {
    "name": "Clyde CDP"
  },
  "geometry": {"type": "Point", "coordinates": [38.025390, -122.028016]}
},
{
  "type": "Feature",
  "properties": {
    "name": "Coarsegold CDP"
  },
  "geometry": {"type": "Point", "coordinates": [37.240112, -119.702112]}
},
{
  "type": "Feature",
  "properties": {
    "name": "Cobb CDP"
  },
  "geometry": {"type": "Point", "coordinates": [38.835596, -122.722950]}
},
{
  "type": "Feature",
  "properties": {
    "name": "Coffee Creek CDP"
  },
  "geometry": {"type": "Point", "coordinates": [41.080262, -122.713602]}
},
{
  "type": "Feature",
  "properties": {
    "name": "Cohasset CDP"
  },
  "geometry": {"type": "Point", "coordinates": [39.902167, -121.745342]}
},
{
  "type": "Feature",
  "properties": {
    "name": "Cold Springs CDP"
  },
  "geometry": {"type": "Point", "coordinates": [38.746440, -120.873807]}
},
{
  "type": "Feature",
  "properties": {
    "name": "Cold Springs CDP"
  },
  "geometry": {"type": "Point", "coordinates": [38.161335, -120.053527]}
},
{
  "type": "Feature",
  "properties": {
    "name": "Coleville CDP"
  },
  "geometry": {"type": "Point", "coordinates": [38.580566, -119.502868]}
},
{
  "type": "Feature",
  "properties": {
    "name": "College City CDP"
  },
  "geometry": {"type": "Point", "coordinates": [39.006086, -122.005133]}
},
{
  "type": "Feature",
  "properties": {
    "name": "Collierville CDP"
  },
  "geometry": {"type": "Point", "coordinates": [38.214150, -121.267455]}
},
{
  "type": "Feature",
  "properties": {
    "name": "Coloma CDP"
  },
  "geometry": {"type": "Point", "coordinates": [38.802617, -120.894635]}
},
{
  "type": "Feature",
  "properties": {
    "name": "Columbia CDP"
  },
  "geometry": {"type": "Point", "coordinates": [38.033331, -120.409654]}
},
{
  "type": "Feature",
  "properties": {
    "name": "Comptche CDP"
  },
  "geometry": {"type": "Point", "coordinates": [39.265135, -123.589715]}
},
{
  "type": "Feature",
  "properties": {
    "name": "Concow CDP"
  },
  "geometry": {"type": "Point", "coordinates": [39.773290, -121.519567]}
},
{
  "type": "Feature",
  "properties": {
    "name": "Contra Costa Centre CDP"
  },
  "geometry": {"type": "Point", "coordinates": [37.925964, -122.053977]}
},
{
  "type": "Feature",
  "properties": {
    "name": "Copperopolis CDP"
  },
  "geometry": {"type": "Point", "coordinates": [37.939982, -120.626290]}
},
{
  "type": "Feature",
  "properties": {
    "name": "Coronita CDP"
  },
  "geometry": {"type": "Point", "coordinates": [33.875877, -117.610983]}
},
{
  "type": "Feature",
  "properties": {
    "name": "Corralitos CDP"
  },
  "geometry": {"type": "Point", "coordinates": [36.993926, -121.789137]}
},
{
  "type": "Feature",
  "properties": {
    "name": "Coto de Caza CDP"
  },
  "geometry": {"type": "Point", "coordinates": [33.595888, -117.585969]}
},
{
  "type": "Feature",
  "properties": {
    "name": "Cottonwood CDP"
  },
  "geometry": {"type": "Point", "coordinates": [35.345588, -118.985857]}
},
{
  "type": "Feature",
  "properties": {
    "name": "Cottonwood CDP"
  },
  "geometry": {"type": "Point", "coordinates": [40.390287, -122.315630]}
},
{
  "type": "Feature",
  "properties": {
    "name": "Coulterville CDP"
  },
  "geometry": {"type": "Point", "coordinates": [37.712164, -120.196588]}
},
{
  "type": "Feature",
  "properties": {
    "name": "Country Club CDP"
  },
  "geometry": {"type": "Point", "coordinates": [37.968702, -121.340823]}
},
{
  "type": "Feature",
  "properties": {
    "name": "Courtland CDP"
  },
  "geometry": {"type": "Point", "coordinates": [38.332911, -121.557025]}
},
{
  "type": "Feature",
  "properties": {
    "name": "Covelo CDP"
  },
  "geometry": {"type": "Point", "coordinates": [39.802469, -123.249870]}
},
{
  "type": "Feature",
  "properties": {
    "name": "Cowan CDP"
  },
  "geometry": {"type": "Point", "coordinates": [37.560105, -120.988787]}
},
{
  "type": "Feature",
  "properties": {
    "name": "Crescent Mills CDP"
  },
  "geometry": {"type": "Point", "coordinates": [40.100743, -120.921705]}
},
{
  "type": "Feature",
  "properties": {
    "name": "Cressey CDP"
  },
  "geometry": {"type": "Point", "coordinates": [37.421030, -120.655689]}
},
{
  "type": "Feature",
  "properties": {
    "name": "Crest CDP"
  },
  "geometry": {"type": "Point", "coordinates": [32.800021, -116.867077]}
},
{
  "type": "Feature",
  "properties": {
    "name": "Crestline CDP"
  },
  "geometry": {"type": "Point", "coordinates": [34.248586, -117.288655]}
},
{
  "type": "Feature",
  "properties": {
    "name": "Creston CDP"
  },
  "geometry": {"type": "Point", "coordinates": [35.517295, -120.520909]}
},
{
  "type": "Feature",
  "properties": {
    "name": "C-Road CDP"
  },
  "geometry": {"type": "Point", "coordinates": [39.762729, -120.577050]}
},
{
  "type": "Feature",
  "properties": {
    "name": "Crockett CDP"
  },
  "geometry": {"type": "Point", "coordinates": [38.051919, -122.220127]}
},
{
  "type": "Feature",
  "properties": {
    "name": "Cromberg CDP"
  },
  "geometry": {"type": "Point", "coordinates": [39.868382, -120.690446]}
},
{
  "type": "Feature",
  "properties": {
    "name": "Crowley Lake CDP"
  },
  "geometry": {"type": "Point", "coordinates": [37.568972, -118.746350]}
},
{
  "type": "Feature",
  "properties": {
    "name": "Crows Landing CDP"
  },
  "geometry": {"type": "Point", "coordinates": [37.394443, -121.075167]}
},
{
  "type": "Feature",
  "properties": {
    "name": "Cutler CDP"
  },
  "geometry": {"type": "Point", "coordinates": [36.524664, -119.288829]}
},
{
  "type": "Feature",
  "properties": {
    "name": "Cutten CDP"
  },
  "geometry": {"type": "Point", "coordinates": [40.765684, -124.144461]}
},
{
  "type": "Feature",
  "properties": {
    "name": "Cuyama CDP"
  },
  "geometry": {"type": "Point", "coordinates": [34.931245, -119.614805]}
},
{
  "type": "Feature",
  "properties": {
    "name": "Dales CDP"
  },
  "geometry": {"type": "Point", "coordinates": [40.315415, -122.060565]}
},
{
  "type": "Feature",
  "properties": {
    "name": "Daphnedale Park CDP"
  },
  "geometry": {"type": "Point", "coordinates": [41.506988, -120.547211]}
},
{
  "type": "Feature",
  "properties": {
    "name": "Darwin CDP"
  },
  "geometry": {"type": "Point", "coordinates": [36.268804, -117.589005]}
},
{
  "type": "Feature",
  "properties": {
    "name": "Davenport CDP"
  },
  "geometry": {"type": "Point", "coordinates": [37.017779, -122.187885]}
},
{
  "type": "Feature",
  "properties": {
    "name": "Day Valley CDP"
  },
  "geometry": {"type": "Point", "coordinates": [37.025444, -121.855936]}
},
{
  "type": "Feature",
  "properties": {
    "name": "Deer Park CDP"
  },
  "geometry": {"type": "Point", "coordinates": [38.536054, -122.467904]}
},
{
  "type": "Feature",
  "properties": {
    "name": "Del Aire CDP"
  },
  "geometry": {"type": "Point", "coordinates": [33.916738, -118.369290]}
},
{
  "type": "Feature",
  "properties": {
    "name": "Del Dios CDP"
  },
  "geometry": {"type": "Point", "coordinates": [33.075682, -117.119036]}
},
{
  "type": "Feature",
  "properties": {
    "name": "Delft Colony CDP"
  },
  "geometry": {"type": "Point", "coordinates": [36.513809, -119.446522]}
},
{
  "type": "Feature",
  "properties": {
    "name": "Delhi CDP"
  },
  "geometry": {"type": "Point", "coordinates": [37.430599, -120.775900]}
},
{
  "type": "Feature",
  "properties": {
    "name": "Delleker CDP"
  },
  "geometry": {"type": "Point", "coordinates": [39.810168, -120.496852]}
},
{
  "type": "Feature",
  "properties": {
    "name": "Del Monte Forest CDP"
  },
  "geometry": {"type": "Point", "coordinates": [36.583777, -121.947335]}
},
{
  "type": "Feature",
  "properties": {
    "name": "Del Rey CDP"
  },
  "geometry": {"type": "Point", "coordinates": [36.656464, -119.598135]}
},
{
  "type": "Feature",
  "properties": {
    "name": "Del Rio CDP"
  },
  "geometry": {"type": "Point", "coordinates": [37.743144, -121.008475]}
},
{
  "type": "Feature",
  "properties": {
    "name": "Denair CDP"
  },
  "geometry": {"type": "Point", "coordinates": [37.525398, -120.797433]}
},
{
  "type": "Feature",
  "properties": {
    "name": "Derby Acres CDP"
  },
  "geometry": {"type": "Point", "coordinates": [35.244026, -119.603832]}
},
{
  "type": "Feature",
  "properties": {
    "name": "Descanso CDP"
  },
  "geometry": {"type": "Point", "coordinates": [32.869567, -116.627876]}
},
{
  "type": "Feature",
  "properties": {
    "name": "Desert Center CDP"
  },
  "geometry": {"type": "Point", "coordinates": [33.737797, -115.366618]}
},
{
  "type": "Feature",
  "properties": {
    "name": "Desert Edge CDP"
  },
  "geometry": {"type": "Point", "coordinates": [33.922289, -116.440093]}
},
{
  "type": "Feature",
  "properties": {
    "name": "Desert Palms CDP"
  },
  "geometry": {"type": "Point", "coordinates": [33.778914, -116.292948]}
},
{
  "type": "Feature",
  "properties": {
    "name": "Desert Shores CDP"
  },
  "geometry": {"type": "Point", "coordinates": [33.404097, -116.039498]}
},
{
  "type": "Feature",
  "properties": {
    "name": "Desert View Highlands CDP"
  },
  "geometry": {"type": "Point", "coordinates": [34.590263, -118.153537]}
},
{
  "type": "Feature",
  "properties": {
    "name": "Diablo CDP"
  },
  "geometry": {"type": "Point", "coordinates": [37.840774, -121.956477]}
},
{
  "type": "Feature",
  "properties": {
    "name": "Diablo Grande CDP"
  },
  "geometry": {"type": "Point", "coordinates": [37.400886, -121.262896]}
},
{
  "type": "Feature",
  "properties": {
    "name": "Diamond Springs CDP"
  },
  "geometry": {"type": "Point", "coordinates": [38.692039, -120.839069]}
},
{
  "type": "Feature",
  "properties": {
    "name": "Di Giorgio CDP"
  },
  "geometry": {"type": "Point", "coordinates": [35.249118, -118.844154]}
},
{
  "type": "Feature",
  "properties": {
    "name": "Dillon Beach CDP"
  },
  "geometry": {"type": "Point", "coordinates": [38.243489, -122.955956]}
},
{
  "type": "Feature",
  "properties": {
    "name": "Discovery Bay CDP"
  },
  "geometry": {"type": "Point", "coordinates": [37.906281, -121.598999]}
},
{
  "type": "Feature",
  "properties": {
    "name": "Dixon Lane-MeadowCreek CDP"
  },
  "geometry": {"type": "Point", "coordinates": [37.386388, -118.415273]}
},
{
  "type": "Feature",
  "properties": {
    "name": "Dobbins CDP"
  },
  "geometry": {"type": "Point", "coordinates": [39.365661, -121.212752]}
},
{
  "type": "Feature",
  "properties": {
    "name": "Dogtown CDP"
  },
  "geometry": {"type": "Point", "coordinates": [38.209586, -121.155060]}
},
{
  "type": "Feature",
  "properties": {
    "name": "Dollar Point CDP"
  },
  "geometry": {"type": "Point", "coordinates": [39.189919, -120.108260]}
},
{
  "type": "Feature",
  "properties": {
    "name": "Dorrington CDP"
  },
  "geometry": {"type": "Point", "coordinates": [38.303130, -120.264748]}
},
{
  "type": "Feature",
  "properties": {
    "name": "Dos Palos Y CDP"
  },
  "geometry": {"type": "Point", "coordinates": [37.046840, -120.639474]}
},
{
  "type": "Feature",
  "properties": {
    "name": "Douglas City CDP"
  },
  "geometry": {"type": "Point", "coordinates": [40.652860, -122.928263]}
},
{
  "type": "Feature",
  "properties": {
    "name": "Douglas Flat CDP"
  },
  "geometry": {"type": "Point", "coordinates": [38.114619, -120.452862]}
},
{
  "type": "Feature",
  "properties": {
    "name": "Downieville CDP"
  },
  "geometry": {"type": "Point", "coordinates": [39.570066, -120.821259]}
},
{
  "type": "Feature",
  "properties": {
    "name": "Doyle CDP"
  },
  "geometry": {"type": "Point", "coordinates": [40.027478, -120.117276]}
},
{
  "type": "Feature",
  "properties": {
    "name": "Drytown CDP"
  },
  "geometry": {"type": "Point", "coordinates": [38.439725, -120.858697]}
},
{
  "type": "Feature",
  "properties": {
    "name": "Ducor CDP"
  },
  "geometry": {"type": "Point", "coordinates": [35.892701, -119.047010]}
},
{
  "type": "Feature",
  "properties": {
    "name": "Dunnigan CDP"
  },
  "geometry": {"type": "Point", "coordinates": [38.892643, -121.974186]}
},
{
  "type": "Feature",
  "properties": {
    "name": "Durham CDP"
  },
  "geometry": {"type": "Point", "coordinates": [39.623175, -121.787472]}
},
{
  "type": "Feature",
  "properties": {
    "name": "Dustin Acres CDP"
  },
  "geometry": {"type": "Point", "coordinates": [35.215929, -119.374987]}
},
{
  "type": "Feature",
  "properties": {
    "name": "Dutch Flat CDP"
  },
  "geometry": {"type": "Point", "coordinates": [39.208008, -120.834476]}
},
{
  "type": "Feature",
  "properties": {
    "name": "Eagleville CDP"
  },
  "geometry": {"type": "Point", "coordinates": [41.318993, -120.114607]}
},
{
  "type": "Feature",
  "properties": {
    "name": "Earlimart CDP"
  },
  "geometry": {"type": "Point", "coordinates": [35.891356, -119.272091]}
},
{
  "type": "Feature",
  "properties": {
    "name": "East Bakersfield CDP"
  },
  "geometry": {"type": "Point", "coordinates": [35.383185, -118.974368]}
},
{
  "type": "Feature",
  "properties": {
    "name": "Eastern Goleta Valley CDP"
  },
  "geometry": {"type": "Point", "coordinates": [34.444436, -119.788091]}
},
{
  "type": "Feature",
  "properties": {
    "name": "East Foothills CDP"
  },
  "geometry": {"type": "Point", "coordinates": [37.382607, -121.813750]}
},
{
  "type": "Feature",
  "properties": {
    "name": "East Hemet CDP"
  },
  "geometry": {"type": "Point", "coordinates": [33.730115, -116.941001]}
},
{
  "type": "Feature",
  "properties": {
    "name": "East Los Angeles CDP"
  },
  "geometry": {"type": "Point", "coordinates": [34.032621, -118.169150]}
},
{
  "type": "Feature",
  "properties": {
    "name": "East Nicolaus CDP"
  },
  "geometry": {"type": "Point", "coordinates": [38.910045, -121.544320]}
},
{
  "type": "Feature",
  "properties": {
    "name": "East Niles CDP"
  },
  "geometry": {"type": "Point", "coordinates": [35.368273, -118.922462]}
},
{
  "type": "Feature",
  "properties": {
    "name": "East Oakdale CDP"
  },
  "geometry": {"type": "Point", "coordinates": [37.785506, -120.800911]}
},
{
  "type": "Feature",
  "properties": {
    "name": "Easton CDP"
  },
  "geometry": {"type": "Point", "coordinates": [36.652391, -119.790786]}
},
{
  "type": "Feature",
  "properties": {
    "name": "East Orosi CDP"
  },
  "geometry": {"type": "Point", "coordinates": [36.548069, -119.259853]}
},
{
  "type": "Feature",
  "properties": {
    "name": "East Pasadena CDP"
  },
  "geometry": {"type": "Point", "coordinates": [34.137760, -118.077541]}
},
{
  "type": "Feature",
  "properties": {
    "name": "East Porterville CDP"
  },
  "geometry": {"type": "Point", "coordinates": [36.058154, -118.974893]}
},
{
  "type": "Feature",
  "properties": {
    "name": "East Quincy CDP"
  },
  "geometry": {"type": "Point", "coordinates": [39.916434, -120.918935]}
},
{
  "type": "Feature",
  "properties": {
    "name": "East Rancho Dominguez CDP"
  },
  "geometry": {"type": "Point", "coordinates": [33.894841, -118.195586]}
},
{
  "type": "Feature",
  "properties": {
    "name": "East Richmond Heights CDP"
  },
  "geometry": {"type": "Point", "coordinates": [37.945085, -122.313910]}
},
{
  "type": "Feature",
  "properties": {
    "name": "East San Gabriel CDP"
  },
  "geometry": {"type": "Point", "coordinates": [34.115519, -118.079152]}
},
{
  "type": "Feature",
  "properties": {
    "name": "East Shore CDP"
  },
  "geometry": {"type": "Point", "coordinates": [40.245275, -121.076781]}
},
{
  "type": "Feature",
  "properties": {
    "name": "East Sonora CDP"
  },
  "geometry": {"type": "Point", "coordinates": [37.977447, -120.341006]}
},
{
  "type": "Feature",
  "properties": {
    "name": "East Tulare Villa CDP"
  },
  "geometry": {"type": "Point", "coordinates": [36.203763, -119.280335]}
},
{
  "type": "Feature",
  "properties": {
    "name": "East Whittier CDP"
  },
  "geometry": {"type": "Point", "coordinates": [33.924376, -117.988732]}
},
{
  "type": "Feature",
  "properties": {
    "name": "Edgewood CDP"
  },
  "geometry": {"type": "Point", "coordinates": [41.462132, -122.426135]}
},
{
  "type": "Feature",
  "properties": {
    "name": "Edison CDP"
  },
  "geometry": {"type": "Point", "coordinates": [35.347313, -118.869826]}
},
{
  "type": "Feature",
  "properties": {
    "name": "Edmundson Acres CDP"
  },
  "geometry": {"type": "Point", "coordinates": [35.227296, -118.823252]}
},
{
  "type": "Feature",
  "properties": {
    "name": "Edna CDP"
  },
  "geometry": {"type": "Point", "coordinates": [35.210786, -120.605967]}
},
{
  "type": "Feature",
  "properties": {
    "name": "Edwards AFB CDP"
  },
  "geometry": {"type": "Point", "coordinates": [34.904490, -117.929462]}
},
{
  "type": "Feature",
  "properties": {
    "name": "El Adobe CDP"
  },
  "geometry": {"type": "Point", "coordinates": [35.245083, -118.958842]}
},
{
  "type": "Feature",
  "properties": {
    "name": "El Centro Naval Air Facility CDP"
  },
  "geometry": {"type": "Point", "coordinates": [32.825232, -115.668073]}
},
{
  "type": "Feature",
  "properties": {
    "name": "El Cerrito CDP"
  },
  "geometry": {"type": "Point", "coordinates": [33.839564, -117.522210]}
},
{
  "type": "Feature",
  "properties": {
    "name": "El Dorado Hills CDP"
  },
  "geometry": {"type": "Point", "coordinates": [38.675004, -121.048956]}
},
{
  "type": "Feature",
  "properties": {
    "name": "Eldridge CDP"
  },
  "geometry": {"type": "Point", "coordinates": [38.333887, -122.506519]}
},
{
  "type": "Feature",
  "properties": {
    "name": "Elfin Forest CDP"
  },
  "geometry": {"type": "Point", "coordinates": [33.081232, -117.177443]}
},
{
  "type": "Feature",
  "properties": {
    "name": "El Granada CDP"
  },
  "geometry": {"type": "Point", "coordinates": [37.514166, -122.464803]}
},
{
  "type": "Feature",
  "properties": {
    "name": "Elizabeth Lake CDP"
  },
  "geometry": {"type": "Point", "coordinates": [34.658949, -118.378527]}
},
{
  "type": "Feature",
  "properties": {
    "name": "Elk Creek CDP"
  },
  "geometry": {"type": "Point", "coordinates": [39.600298, -122.537514]}
},
{
  "type": "Feature",
  "properties": {
    "name": "Elkhorn CDP"
  },
  "geometry": {"type": "Point", "coordinates": [36.810289, -121.721125]}
},
{
  "type": "Feature",
  "properties": {
    "name": "El Macero CDP"
  },
  "geometry": {"type": "Point", "coordinates": [38.544019, -121.685168]}
},
{
  "type": "Feature",
  "properties": {
    "name": "Elmira CDP"
  },
  "geometry": {"type": "Point", "coordinates": [38.352329, -121.907719]}
},
{
  "type": "Feature",
  "properties": {
    "name": "El Monte Mobile Village CDP"
  },
  "geometry": {"type": "Point", "coordinates": [36.547075, -119.425049]}
},
{
  "type": "Feature",
  "properties": {
    "name": "El Nido CDP"
  },
  "geometry": {"type": "Point", "coordinates": [37.132376, -120.498551]}
},
{
  "type": "Feature",
  "properties": {
    "name": "El Portal CDP"
  },
  "geometry": {"type": "Point", "coordinates": [37.673655, -119.787022]}
},
{
  "type": "Feature",
  "properties": {
    "name": "El Rancho CDP"
  },
  "geometry": {"type": "Point", "coordinates": [36.220684, -119.068357]}
},
{
  "type": "Feature",
  "properties": {
    "name": "El Rio CDP"
  },
  "geometry": {"type": "Point", "coordinates": [34.245365, -119.156762]}
},
{
  "type": "Feature",
  "properties": {
    "name": "El Sobrante CDP"
  },
  "geometry": {"type": "Point", "coordinates": [37.970462, -122.296134]}
},
{
  "type": "Feature",
  "properties": {
    "name": "El Sobrante CDP"
  },
  "geometry": {"type": "Point", "coordinates": [33.872464, -117.462518]}
},
{
  "type": "Feature",
  "properties": {
    "name": "El Verano CDP"
  },
  "geometry": {"type": "Point", "coordinates": [38.297465, -122.491544]}
},
{
  "type": "Feature",
  "properties": {
    "name": "Elverta CDP"
  },
  "geometry": {"type": "Point", "coordinates": [38.718462, -121.445476]}
},
{
  "type": "Feature",
  "properties": {
    "name": "Emerald Lake Hills CDP"
  },
  "geometry": {"type": "Point", "coordinates": [37.466118, -122.267395]}
},
{
  "type": "Feature",
  "properties": {
    "name": "Empire CDP"
  },
  "geometry": {"type": "Point", "coordinates": [37.643057, -120.907039]}
},
{
  "type": "Feature",
  "properties": {
    "name": "Esparto CDP"
  },
  "geometry": {"type": "Point", "coordinates": [38.693411, -122.024047]}
},
{
  "type": "Feature",
  "properties": {
    "name": "Eucalyptus Hills CDP"
  },
  "geometry": {"type": "Point", "coordinates": [32.885043, -116.945343]}
},
{
  "type": "Feature",
  "properties": {
    "name": "Fairbanks Ranch CDP"
  },
  "geometry": {"type": "Point", "coordinates": [32.991853, -117.185946]}
},
{
  "type": "Feature",
  "properties": {
    "name": "Fairfax CDP"
  },
  "geometry": {"type": "Point", "coordinates": [35.346886, -118.933807]}
},
{
  "type": "Feature",
  "properties": {
    "name": "Fairhaven CDP"
  },
  "geometry": {"type": "Point", "coordinates": [40.788294, -124.201421]}
},
{
  "type": "Feature",
  "properties": {
    "name": "Fairmead CDP"
  },
  "geometry": {"type": "Point", "coordinates": [37.077406, -120.193911]}
},
{
  "type": "Feature",
  "properties": {
    "name": "Fair Oaks CDP"
  },
  "geometry": {"type": "Point", "coordinates": [38.650412, -121.249660]}
},
{
  "type": "Feature",
  "properties": {
    "name": "Fairview CDP"
  },
  "geometry": {"type": "Point", "coordinates": [37.675829, -122.047202]}
},
{
  "type": "Feature",
  "properties": {
    "name": "Fallbrook CDP"
  },
  "geometry": {"type": "Point", "coordinates": [33.369331, -117.225893]}
},
{
  "type": "Feature",
  "properties": {
    "name": "Fall River Mills CDP"
  },
  "geometry": {"type": "Point", "coordinates": [41.006820, -121.440033]}
},
{
  "type": "Feature",
  "properties": {
    "name": "Farmington CDP"
  },
  "geometry": {"type": "Point", "coordinates": [37.929866, -121.004368]}
},
{
  "type": "Feature",
  "properties": {
    "name": "Fellows CDP"
  },
  "geometry": {"type": "Point", "coordinates": [35.177929, -119.547211]}
},
{
  "type": "Feature",
  "properties": {
    "name": "Felton CDP"
  },
  "geometry": {"type": "Point", "coordinates": [37.039222, -122.080764]}
},
{
  "type": "Feature",
  "properties": {
    "name": "Fetters Hot Springs-Agua Caliente CDP"
  },
  "geometry": {"type": "Point", "coordinates": [38.327504, -122.487138]}
},
{
  "type": "Feature",
  "properties": {
    "name": "Fiddletown CDP"
  },
  "geometry": {"type": "Point", "coordinates": [38.506865, -120.760149]}
},
{
  "type": "Feature",
  "properties": {
    "name": "Fieldbrook CDP"
  },
  "geometry": {"type": "Point", "coordinates": [40.972243, -124.025003]}
},
{
  "type": "Feature",
  "properties": {
    "name": "Fields Landing CDP"
  },
  "geometry": {"type": "Point", "coordinates": [40.724834, -124.217634]}
},
{
  "type": "Feature",
  "properties": {
    "name": "Fish Camp CDP"
  },
  "geometry": {"type": "Point", "coordinates": [37.477851, -119.639014]}
},
{
  "type": "Feature",
  "properties": {
    "name": "Florence-Graham CDP"
  },
  "geometry": {"type": "Point", "coordinates": [33.968161, -118.244667]}
},
{
  "type": "Feature",
  "properties": {
    "name": "Florin CDP"
  },
  "geometry": {"type": "Point", "coordinates": [38.483152, -121.404328]}
},
{
  "type": "Feature",
  "properties": {
    "name": "Floriston CDP"
  },
  "geometry": {"type": "Point", "coordinates": [39.392930, -120.015113]}
},
{
  "type": "Feature",
  "properties": {
    "name": "Flournoy CDP"
  },
  "geometry": {"type": "Point", "coordinates": [39.928338, -122.445791]}
},
{
  "type": "Feature",
  "properties": {
    "name": "Foothill Farms CDP"
  },
  "geometry": {"type": "Point", "coordinates": [38.686733, -121.347477]}
},
{
  "type": "Feature",
  "properties": {
    "name": "Forbestown CDP"
  },
  "geometry": {"type": "Point", "coordinates": [39.530038, -121.268947]}
},
{
  "type": "Feature",
  "properties": {
    "name": "Ford City CDP"
  },
  "geometry": {"type": "Point", "coordinates": [35.164736, -119.458400]}
},
{
  "type": "Feature",
  "properties": {
    "name": "Foresta CDP"
  },
  "geometry": {"type": "Point", "coordinates": [37.698779, -119.748274]}
},
{
  "type": "Feature",
  "properties": {
    "name": "Foresthill CDP"
  },
  "geometry": {"type": "Point", "coordinates": [39.005287, -120.831352]}
},
{
  "type": "Feature",
  "properties": {
    "name": "Forest Meadows CDP"
  },
  "geometry": {"type": "Point", "coordinates": [38.171801, -120.397736]}
},
{
  "type": "Feature",
  "properties": {
    "name": "Forest Ranch CDP"
  },
  "geometry": {"type": "Point", "coordinates": [39.895212, -121.670441]}
},
{
  "type": "Feature",
  "properties": {
    "name": "Forestville CDP"
  },
  "geometry": {"type": "Point", "coordinates": [38.482491, -122.889885]}
},
{
  "type": "Feature",
  "properties": {
    "name": "Fort Bidwell CDP"
  },
  "geometry": {"type": "Point", "coordinates": [41.862993, -120.158895]}
},
{
  "type": "Feature",
  "properties": {
    "name": "Fort Dick CDP"
  },
  "geometry": {"type": "Point", "coordinates": [41.866282, -124.152536]}
},
{
  "type": "Feature",
  "properties": {
    "name": "Fort Hunter Liggett CDP"
  },
  "geometry": {"type": "Point", "coordinates": [36.001921, -121.238107]}
},
{
  "type": "Feature",
  "properties": {
    "name": "Fort Irwin CDP"
  },
  "geometry": {"type": "Point", "coordinates": [35.247704, -116.683413]}
},
{
  "type": "Feature",
  "properties": {
    "name": "Fort Washington CDP"
  },
  "geometry": {"type": "Point", "coordinates": [36.879340, -119.761220]}
},
{
  "type": "Feature",
  "properties": {
    "name": "Franklin CDP"
  },
  "geometry": {"type": "Point", "coordinates": [37.327529, -120.532090]}
},
{
  "type": "Feature",
  "properties": {
    "name": "Franklin CDP"
  },
  "geometry": {"type": "Point", "coordinates": [38.367522, -121.461629]}
},
{
  "type": "Feature",
  "properties": {
    "name": "Frazier Park CDP"
  },
  "geometry": {"type": "Point", "coordinates": [34.811837, -118.954881]}
},
{
  "type": "Feature",
  "properties": {
    "name": "Freedom CDP"
  },
  "geometry": {"type": "Point", "coordinates": [36.940254, -121.795246]}
},
{
  "type": "Feature",
  "properties": {
    "name": "Freeport CDP"
  },
  "geometry": {"type": "Point", "coordinates": [38.462936, -121.502107]}
},
{
  "type": "Feature",
  "properties": {
    "name": "French Camp CDP"
  },
  "geometry": {"type": "Point", "coordinates": [37.880264, -121.280310]}
},
{
  "type": "Feature",
  "properties": {
    "name": "French Gulch CDP"
  },
  "geometry": {"type": "Point", "coordinates": [40.716545, -122.631169]}
},
{
  "type": "Feature",
  "properties": {
    "name": "French Valley CDP"
  },
  "geometry": {"type": "Point", "coordinates": [33.599847, -117.106937]}
},
{
  "type": "Feature",
  "properties": {
    "name": "Friant CDP"
  },
  "geometry": {"type": "Point", "coordinates": [36.984734, -119.712941]}
},
{
  "type": "Feature",
  "properties": {
    "name": "Fruitdale CDP"
  },
  "geometry": {"type": "Point", "coordinates": [37.311711, -121.935765]}
},
{
  "type": "Feature",
  "properties": {
    "name": "Fruitridge Pocket CDP"
  },
  "geometry": {"type": "Point", "coordinates": [38.532613, -121.455807]}
},
{
  "type": "Feature",
  "properties": {
    "name": "Fuller Acres CDP"
  },
  "geometry": {"type": "Point", "coordinates": [35.302254, -118.914295]}
},
{
  "type": "Feature",
  "properties": {
    "name": "Fulton CDP"
  },
  "geometry": {"type": "Point", "coordinates": [38.493709, -122.773417]}
},
{
  "type": "Feature",
  "properties": {
    "name": "Furnace Creek CDP"
  },
  "geometry": {"type": "Point", "coordinates": [36.427690, -116.874696]}
},
{
  "type": "Feature",
  "properties": {
    "name": "Garberville CDP"
  },
  "geometry": {"type": "Point", "coordinates": [40.100340, -123.794817]}
},
{
  "type": "Feature",
  "properties": {
    "name": "Garden Acres CDP"
  },
  "geometry": {"type": "Point", "coordinates": [37.963697, -121.229611]}
},
{
  "type": "Feature",
  "properties": {
    "name": "Garden Farms CDP"
  },
  "geometry": {"type": "Point", "coordinates": [35.415782, -120.614034]}
},
{
  "type": "Feature",
  "properties": {
    "name": "Garey CDP"
  },
  "geometry": {"type": "Point", "coordinates": [34.886889, -120.314076]}
},
{
  "type": "Feature",
  "properties": {
    "name": "Garnet CDP"
  },
  "geometry": {"type": "Point", "coordinates": [33.917894, -116.479608]}
},
{
  "type": "Feature",
  "properties": {
    "name": "Gasquet CDP"
  },
  "geometry": {"type": "Point", "coordinates": [41.842890, -123.973097]}
},
{
  "type": "Feature",
  "properties": {
    "name": "Gazelle CDP"
  },
  "geometry": {"type": "Point", "coordinates": [41.514875, -122.521647]}
},
{
  "type": "Feature",
  "properties": {
    "name": "Georgetown CDP"
  },
  "geometry": {"type": "Point", "coordinates": [38.911171, -120.835633]}
},
{
  "type": "Feature",
  "properties": {
    "name": "Gerber CDP"
  },
  "geometry": {"type": "Point", "coordinates": [40.061418, -122.148201]}
},
{
  "type": "Feature",
  "properties": {
    "name": "Geyserville CDP"
  },
  "geometry": {"type": "Point", "coordinates": [38.717314, -122.903425]}
},
{
  "type": "Feature",
  "properties": {
    "name": "Glencoe CDP"
  },
  "geometry": {"type": "Point", "coordinates": [38.353042, -120.573288]}
},
{
  "type": "Feature",
  "properties": {
    "name": "Glen Ellen CDP"
  },
  "geometry": {"type": "Point", "coordinates": [38.356356, -122.541286]}
},
{
  "type": "Feature",
  "properties": {
    "name": "Glennville CDP"
  },
  "geometry": {"type": "Point", "coordinates": [35.724194, -118.715217]}
},
{
  "type": "Feature",
  "properties": {
    "name": "Golden Hills CDP"
  },
  "geometry": {"type": "Point", "coordinates": [35.140918, -118.496792]}
},
{
  "type": "Feature",
  "properties": {
    "name": "Gold Mountain CDP"
  },
  "geometry": {"type": "Point", "coordinates": [39.761315, -120.519053]}
},
{
  "type": "Feature",
  "properties": {
    "name": "Gold River CDP"
  },
  "geometry": {"type": "Point", "coordinates": [38.626774, -121.248736]}
},
{
  "type": "Feature",
  "properties": {
    "name": "Good Hope CDP"
  },
  "geometry": {"type": "Point", "coordinates": [33.770629, -117.277199]}
},
{
  "type": "Feature",
  "properties": {
    "name": "Goodmanville CDP"
  },
  "geometry": {"type": "Point", "coordinates": [35.434790, -118.939014]}
},
{
  "type": "Feature",
  "properties": {
    "name": "Goodyears Bar CDP"
  },
  "geometry": {"type": "Point", "coordinates": [39.545769, -120.888101]}
},
{
  "type": "Feature",
  "properties": {
    "name": "Goshen CDP"
  },
  "geometry": {"type": "Point", "coordinates": [36.349266, -119.420622]}
},
{
  "type": "Feature",
  "properties": {
    "name": "Graeagle CDP"
  },
  "geometry": {"type": "Point", "coordinates": [39.757212, -120.648611]}
},
{
  "type": "Feature",
  "properties": {
    "name": "Grangeville CDP"
  },
  "geometry": {"type": "Point", "coordinates": [36.343898, -119.707467]}
},
{
  "type": "Feature",
  "properties": {
    "name": "Granite Bay CDP"
  },
  "geometry": {"type": "Point", "coordinates": [38.760059, -121.171427]}
},
{
  "type": "Feature",
  "properties": {
    "name": "Granite Hills CDP"
  },
  "geometry": {"type": "Point", "coordinates": [32.803281, -116.905610]}
},
{
  "type": "Feature",
  "properties": {
    "name": "Graniteville CDP"
  },
  "geometry": {"type": "Point", "coordinates": [39.444366, -120.736029]}
},
{
  "type": "Feature",
  "properties": {
    "name": "Graton CDP"
  },
  "geometry": {"type": "Point", "coordinates": [38.437518, -122.865988]}
},
{
  "type": "Feature",
  "properties": {
    "name": "Grayson CDP"
  },
  "geometry": {"type": "Point", "coordinates": [37.564577, -121.180050]}
},
{
  "type": "Feature",
  "properties": {
    "name": "Greeley Hill CDP"
  },
  "geometry": {"type": "Point", "coordinates": [37.750454, -120.122781]}
},
{
  "type": "Feature",
  "properties": {
    "name": "Greenacres CDP"
  },
  "geometry": {"type": "Point", "coordinates": [35.383159, -119.118381]}
},
{
  "type": "Feature",
  "properties": {
    "name": "Green Acres CDP"
  },
  "geometry": {"type": "Point", "coordinates": [33.734972, -117.078244]}
},
{
  "type": "Feature",
  "properties": {
    "name": "Greenfield CDP"
  },
  "geometry": {"type": "Point", "coordinates": [35.269489, -119.009491]}
},
{
  "type": "Feature",
  "properties": {
    "name": "Greenhorn CDP"
  },
  "geometry": {"type": "Point", "coordinates": [39.902968, -120.758982]}
},
{
  "type": "Feature",
  "properties": {
    "name": "Green Valley CDP"
  },
  "geometry": {"type": "Point", "coordinates": [34.617222, -118.405896]}
},
{
  "type": "Feature",
  "properties": {
    "name": "Green Valley CDP"
  },
  "geometry": {"type": "Point", "coordinates": [38.260663, -122.162195]}
},
{
  "type": "Feature",
  "properties": {
    "name": "Greenview CDP"
  },
  "geometry": {"type": "Point", "coordinates": [41.547018, -122.918561]}
},
{
  "type": "Feature",
  "properties": {
    "name": "Greenville CDP"
  },
  "geometry": {"type": "Point", "coordinates": [40.133605, -120.945335]}
},
{
  "type": "Feature",
  "properties": {
    "name": "Grenada CDP"
  },
  "geometry": {"type": "Point", "coordinates": [41.640592, -122.526003]}
},
{
  "type": "Feature",
  "properties": {
    "name": "Grimes CDP"
  },
  "geometry": {"type": "Point", "coordinates": [39.074155, -121.898777]}
},
{
  "type": "Feature",
  "properties": {
    "name": "Grizzly Flats CDP"
  },
  "geometry": {"type": "Point", "coordinates": [38.635696, -120.535431]}
},
{
  "type": "Feature",
  "properties": {
    "name": "Groveland CDP"
  },
  "geometry": {"type": "Point", "coordinates": [37.832520, -120.239329]}
},
{
  "type": "Feature",
  "properties": {
    "name": "Guerneville CDP"
  },
  "geometry": {"type": "Point", "coordinates": [38.513716, -122.989405]}
},
{
  "type": "Feature",
  "properties": {
    "name": "Guinda CDP"
  },
  "geometry": {"type": "Point", "coordinates": [38.827374, -122.198360]}
},
{
  "type": "Feature",
  "properties": {
    "name": "Hacienda Heights CDP"
  },
  "geometry": {"type": "Point", "coordinates": [33.996986, -117.972758]}
},
{
  "type": "Feature",
  "properties": {
    "name": "Hamilton Branch CDP"
  },
  "geometry": {"type": "Point", "coordinates": [40.277250, -121.096093]}
},
{
  "type": "Feature",
  "properties": {
    "name": "Hamilton City CDP"
  },
  "geometry": {"type": "Point", "coordinates": [39.742678, -122.010946]}
},
{
  "type": "Feature",
  "properties": {
    "name": "Happy Camp CDP"
  },
  "geometry": {"type": "Point", "coordinates": [41.810369, -123.389164]}
},
{
  "type": "Feature",
  "properties": {
    "name": "Happy Valley CDP"
  },
  "geometry": {"type": "Point", "coordinates": [40.466159, -122.420661]}
},
{
  "type": "Feature",
  "properties": {
    "name": "Harbison Canyon CDP"
  },
  "geometry": {"type": "Point", "coordinates": [32.827276, -116.838071]}
},
{
  "type": "Feature",
  "properties": {
    "name": "Hardwick CDP"
  },
  "geometry": {"type": "Point", "coordinates": [36.402596, -119.720770]}
},
{
  "type": "Feature",
  "properties": {
    "name": "Harmony Grove CDP"
  },
  "geometry": {"type": "Point", "coordinates": [33.100717, -117.137993]}
},
{
  "type": "Feature",
  "properties": {
    "name": "Hartland CDP"
  },
  "geometry": {"type": "Point", "coordinates": [36.653867, -118.958812]}
},
{
  "type": "Feature",
  "properties": {
    "name": "Hartley CDP"
  },
  "geometry": {"type": "Point", "coordinates": [38.420270, -121.952223]}
},
{
  "type": "Feature",
  "properties": {
    "name": "Hasley Canyon CDP"
  },
  "geometry": {"type": "Point", "coordinates": [34.481777, -118.666579]}
},
{
  "type": "Feature",
  "properties": {
    "name": "Hat Creek CDP"
  },
  "geometry": {"type": "Point", "coordinates": [40.810043, -121.480945]}
},
{
  "type": "Feature",
  "properties": {
    "name": "Hathaway Pines CDP"
  },
  "geometry": {"type": "Point", "coordinates": [38.191158, -120.364426]}
},
{
  "type": "Feature",
  "properties": {
    "name": "Hayfork CDP"
  },
  "geometry": {"type": "Point", "coordinates": [40.561037, -123.129844]}
},
{
  "type": "Feature",
  "properties": {
    "name": "Heber CDP"
  },
  "geometry": {"type": "Point", "coordinates": [32.732494, -115.529399]}
},
{
  "type": "Feature",
  "properties": {
    "name": "Herald CDP"
  },
  "geometry": {"type": "Point", "coordinates": [38.291297, -121.231814]}
},
{
  "type": "Feature",
  "properties": {
    "name": "Herlong CDP"
  },
  "geometry": {"type": "Point", "coordinates": [40.141722, -120.139656]}
},
{
  "type": "Feature",
  "properties": {
    "name": "Hickman CDP"
  },
  "geometry": {"type": "Point", "coordinates": [37.619316, -120.751219]}
},
{
  "type": "Feature",
  "properties": {
    "name": "Hidden Meadows CDP"
  },
  "geometry": {"type": "Point", "coordinates": [33.223635, -117.119827]}
},
{
  "type": "Feature",
  "properties": {
    "name": "Hidden Valley Lake CDP"
  },
  "geometry": {"type": "Point", "coordinates": [38.800456, -122.550548]}
},
{
  "type": "Feature",
  "properties": {
    "name": "Highgrove CDP"
  },
  "geometry": {"type": "Point", "coordinates": [34.010577, -117.309818]}
},
{
  "type": "Feature",
  "properties": {
    "name": "Highlands CDP"
  },
  "geometry": {"type": "Point", "coordinates": [37.520022, -122.345900]}
},
{
  "type": "Feature",
  "properties": {
    "name": "Hillcrest CDP"
  },
  "geometry": {"type": "Point", "coordinates": [35.378970, -118.957853]}
},
{
  "type": "Feature",
  "properties": {
    "name": "Hilmar-Irwin CDP"
  },
  "geometry": {"type": "Point", "coordinates": [37.404543, -120.850426]}
},
{
  "type": "Feature",
  "properties": {
    "name": "Hiouchi CDP"
  },
  "geometry": {"type": "Point", "coordinates": [41.793664, -124.066113]}
},
{
  "type": "Feature",
  "properties": {
    "name": "Home Garden CDP"
  },
  "geometry": {"type": "Point", "coordinates": [36.302832, -119.637073]}
},
{
  "type": "Feature",
  "properties": {
    "name": "Home Gardens CDP"
  },
  "geometry": {"type": "Point", "coordinates": [33.878328, -117.511535]}
},
{
  "type": "Feature",
  "properties": {
    "name": "Homeland CDP"
  },
  "geometry": {"type": "Point", "coordinates": [33.745881, -117.113241]}
},
{
  "type": "Feature",
  "properties": {
    "name": "Homestead Valley CDP"
  },
  "geometry": {"type": "Point", "coordinates": [34.273011, -116.414550]}
},
{
  "type": "Feature",
  "properties": {
    "name": "Homewood Canyon CDP"
  },
  "geometry": {"type": "Point", "coordinates": [35.890040, -117.386417]}
},
{
  "type": "Feature",
  "properties": {
    "name": "Honcut CDP"
  },
  "geometry": {"type": "Point", "coordinates": [39.332591, -121.538758]}
},
{
  "type": "Feature",
  "properties": {
    "name": "Hood CDP"
  },
  "geometry": {"type": "Point", "coordinates": [38.369291, -121.515488]}
},
{
  "type": "Feature",
  "properties": {
    "name": "Hoopa CDP"
  },
  "geometry": {"type": "Point", "coordinates": [41.080280, -123.697255]}
},
{
  "type": "Feature",
  "properties": {
    "name": "Hopland CDP"
  },
  "geometry": {"type": "Point", "coordinates": [38.969055, -123.117278]}
},
{
  "type": "Feature",
  "properties": {
    "name": "Hornbrook CDP"
  },
  "geometry": {"type": "Point", "coordinates": [41.907975, -122.559627]}
},
{
  "type": "Feature",
  "properties": {
    "name": "Hornitos CDP"
  },
  "geometry": {"type": "Point", "coordinates": [37.502525, -120.238859]}
},
{
  "type": "Feature",
  "properties": {
    "name": "Humboldt Hill CDP"
  },
  "geometry": {"type": "Point", "coordinates": [40.721887, -124.198695]}
},
{
  "type": "Feature",
  "properties": {
    "name": "Hyampom CDP"
  },
  "geometry": {"type": "Point", "coordinates": [40.626180, -123.468835]}
},
{
  "type": "Feature",
  "properties": {
    "name": "Hydesville CDP"
  },
  "geometry": {"type": "Point", "coordinates": [40.557877, -124.082248]}
},
{
  "type": "Feature",
  "properties": {
    "name": "Hypericum CDP"
  },
  "geometry": {"type": "Point", "coordinates": [36.256167, -119.216933]}
},
{
  "type": "Feature",
  "properties": {
    "name": "Idlewild CDP"
  },
  "geometry": {"type": "Point", "coordinates": [35.809588, -118.670463]}
},
{
  "type": "Feature",
  "properties": {
    "name": "Idyllwild-Pine Cove CDP"
  },
  "geometry": {"type": "Point", "coordinates": [33.744334, -116.725792]}
},
{
  "type": "Feature",
  "properties": {
    "name": "Igo CDP"
  },
  "geometry": {"type": "Point", "coordinates": [40.499167, -122.545744]}
},
{
  "type": "Feature",
  "properties": {
    "name": "Independence CDP"
  },
  "geometry": {"type": "Point", "coordinates": [36.827442, -118.213235]}
},
{
  "type": "Feature",
  "properties": {
    "name": "Indian Falls CDP"
  },
  "geometry": {"type": "Point", "coordinates": [40.058751, -120.980314]}
},
{
  "type": "Feature",
  "properties": {
    "name": "Indianola CDP"
  },
  "geometry": {"type": "Point", "coordinates": [40.813264, -124.080777]}
},
{
  "type": "Feature",
  "properties": {
    "name": "Indio Hills CDP"
  },
  "geometry": {"type": "Point", "coordinates": [33.841064, -116.248473]}
},
{
  "type": "Feature",
  "properties": {
    "name": "Interlaken CDP"
  },
  "geometry": {"type": "Point", "coordinates": [36.950510, -121.736297]}
},
{
  "type": "Feature",
  "properties": {
    "name": "Inverness CDP"
  },
  "geometry": {"type": "Point", "coordinates": [38.082066, -122.847126]}
},
{
  "type": "Feature",
  "properties": {
    "name": "Inyokern CDP"
  },
  "geometry": {"type": "Point", "coordinates": [35.654614, -117.821240]}
},
{
  "type": "Feature",
  "properties": {
    "name": "Iron Horse CDP"
  },
  "geometry": {"type": "Point", "coordinates": [39.780480, -120.482294]}
},
{
  "type": "Feature",
  "properties": {
    "name": "Isla Vista CDP"
  },
  "geometry": {"type": "Point", "coordinates": [34.412650, -119.861380]}
},
{
  "type": "Feature",
  "properties": {
    "name": "Ivanhoe CDP"
  },
  "geometry": {"type": "Point", "coordinates": [36.383439, -119.220088]}
},
{
  "type": "Feature",
  "properties": {
    "name": "Jacumba CDP"
  },
  "geometry": {"type": "Point", "coordinates": [32.627758, -116.182723]}
},
{
  "type": "Feature",
  "properties": {
    "name": "Jamestown CDP"
  },
  "geometry": {"type": "Point", "coordinates": [37.957363, -120.410990]}
},
{
  "type": "Feature",
  "properties": {
    "name": "Jamul CDP"
  },
  "geometry": {"type": "Point", "coordinates": [32.718407, -116.870866]}
},
{
  "type": "Feature",
  "properties": {
    "name": "Janesville CDP"
  },
  "geometry": {"type": "Point", "coordinates": [40.299305, -120.502390]}
},
{
  "type": "Feature",
  "properties": {
    "name": "Jenner CDP"
  },
  "geometry": {"type": "Point", "coordinates": [38.451032, -123.120176]}
},
{
  "type": "Feature",
  "properties": {
    "name": "Johannesburg CDP"
  },
  "geometry": {"type": "Point", "coordinates": [35.371876, -117.641803]}
},
{
  "type": "Feature",
  "properties": {
    "name": "Johnson Park CDP"
  },
  "geometry": {"type": "Point", "coordinates": [40.921179, -121.629530]}
},
{
  "type": "Feature",
  "properties": {
    "name": "Johnstonville CDP"
  },
  "geometry": {"type": "Point", "coordinates": [40.379078, -120.583999]}
},
{
  "type": "Feature",
  "properties": {
    "name": "Johnsville CDP"
  },
  "geometry": {"type": "Point", "coordinates": [39.766293, -120.713043]}
},
{
  "type": "Feature",
  "properties": {
    "name": "Jones Valley CDP"
  },
  "geometry": {"type": "Point", "coordinates": [40.699842, -122.240583]}
},
{
  "type": "Feature",
  "properties": {
    "name": "Joshua Tree CDP"
  },
  "geometry": {"type": "Point", "coordinates": [34.123637, -116.312861]}
},
{
  "type": "Feature",
  "properties": {
    "name": "Jovista CDP"
  },
  "geometry": {"type": "Point", "coordinates": [35.794014, -119.189570]}
},
{
  "type": "Feature",
  "properties": {
    "name": "Julian CDP"
  },
  "geometry": {"type": "Point", "coordinates": [33.073502, -116.588884]}
},
{
  "type": "Feature",
  "properties": {
    "name": "Junction City CDP"
  },
  "geometry": {"type": "Point", "coordinates": [40.734130, -123.061797]}
},
{
  "type": "Feature",
  "properties": {
    "name": "June Lake CDP"
  },
  "geometry": {"type": "Point", "coordinates": [37.777750, -119.095350]}
},
{
  "type": "Feature",
  "properties": {
    "name": "Keddie CDP"
  },
  "geometry": {"type": "Point", "coordinates": [40.005944, -120.952417]}
},
{
  "type": "Feature",
  "properties": {
    "name": "Keeler CDP"
  },
  "geometry": {"type": "Point", "coordinates": [36.486719, -117.873332]}
},
{
  "type": "Feature",
  "properties": {
    "name": "Keene CDP"
  },
  "geometry": {"type": "Point", "coordinates": [35.233571, -118.609887]}
},
{
  "type": "Feature",
  "properties": {
    "name": "Kelly Ridge CDP"
  },
  "geometry": {"type": "Point", "coordinates": [39.528804, -121.466259]}
},
{
  "type": "Feature",
  "properties": {
    "name": "Kelseyville CDP"
  },
  "geometry": {"type": "Point", "coordinates": [38.970469, -122.832761]}
},
{
  "type": "Feature",
  "properties": {
    "name": "Kennedy CDP"
  },
  "geometry": {"type": "Point", "coordinates": [37.929042, -121.245784]}
},
{
  "type": "Feature",
  "properties": {
    "name": "Kennedy Meadows CDP"
  },
  "geometry": {"type": "Point", "coordinates": [36.007640, -118.109949]}
},
{
  "type": "Feature",
  "properties": {
    "name": "Kensington CDP"
  },
  "geometry": {"type": "Point", "coordinates": [37.908259, -122.280569]}
},
{
  "type": "Feature",
  "properties": {
    "name": "Kentfield CDP"
  },
  "geometry": {"type": "Point", "coordinates": [37.948127, -122.549623]}
},
{
  "type": "Feature",
  "properties": {
    "name": "Kenwood CDP"
  },
  "geometry": {"type": "Point", "coordinates": [38.415408, -122.538754]}
},
{
  "type": "Feature",
  "properties": {
    "name": "Kep'el CDP"
  },
  "geometry": {"type": "Point", "coordinates": [41.284141, -123.819008]}
},
{
  "type": "Feature",
  "properties": {
    "name": "Kernville CDP"
  },
  "geometry": {"type": "Point", "coordinates": [35.753313, -118.432043]}
},
{
  "type": "Feature",
  "properties": {
    "name": "Keswick CDP"
  },
  "geometry": {"type": "Point", "coordinates": [40.613385, -122.460546]}
},
{
  "type": "Feature",
  "properties": {
    "name": "Kettleman City CDP"
  },
  "geometry": {"type": "Point", "coordinates": [36.008985, -119.962852]}
},
{
  "type": "Feature",
  "properties": {
    "name": "Keyes CDP"
  },
  "geometry": {"type": "Point", "coordinates": [37.557308, -120.911375]}
},
{
  "type": "Feature",
  "properties": {
    "name": "Kings Beach CDP"
  },
  "geometry": {"type": "Point", "coordinates": [39.244993, -120.020269]}
},
{
  "type": "Feature",
  "properties": {
    "name": "Kingvale CDP"
  },
  "geometry": {"type": "Point", "coordinates": [39.320331, -120.438659]}
},
{
  "type": "Feature",
  "properties": {
    "name": "Kirkwood CDP"
  },
  "geometry": {"type": "Point", "coordinates": [38.693005, -120.064046]}
},
{
  "type": "Feature",
  "properties": {
    "name": "Klamath CDP"
  },
  "geometry": {"type": "Point", "coordinates": [41.544229, -124.024548]}
},
{
  "type": "Feature",
  "properties": {
    "name": "Knightsen CDP"
  },
  "geometry": {"type": "Point", "coordinates": [37.963271, -121.651086]}
},
{
  "type": "Feature",
  "properties": {
    "name": "Knights Ferry CDP"
  },
  "geometry": {"type": "Point", "coordinates": [37.820008, -120.670329]}
},
{
  "type": "Feature",
  "properties": {
    "name": "Knights Landing CDP"
  },
  "geometry": {"type": "Point", "coordinates": [38.797972, -121.717447]}
},
{
  "type": "Feature",
  "properties": {
    "name": "La Crescenta-Montrose CDP"
  },
  "geometry": {"type": "Point", "coordinates": [34.232157, -118.235264]}
},
{
  "type": "Feature",
  "properties": {
    "name": "La Cresta CDP"
  },
  "geometry": {"type": "Point", "coordinates": [35.397201, -118.989312]}
},
{
  "type": "Feature",
  "properties": {
    "name": "Ladera CDP"
  },
  "geometry": {"type": "Point", "coordinates": [37.399875, -122.198971]}
},
{
  "type": "Feature",
  "properties": {
    "name": "Ladera Heights CDP"
  },
  "geometry": {"type": "Point", "coordinates": [33.997182, -118.374004]}
},
{
  "type": "Feature",
  "properties": {
    "name": "Ladera Ranch CDP"
  },
  "geometry": {"type": "Point", "coordinates": [33.549147, -117.641740]}
},
{
  "type": "Feature",
  "properties": {
    "name": "La Grange CDP"
  },
  "geometry": {"type": "Point", "coordinates": [37.663456, -120.463147]}
},
{
  "type": "Feature",
  "properties": {
    "name": "Lagunitas-Forest Knolls CDP"
  },
  "geometry": {"type": "Point", "coordinates": [38.018026, -122.691303]}
},
{
  "type": "Feature",
  "properties": {
    "name": "La Honda CDP"
  },
  "geometry": {"type": "Point", "coordinates": [37.318181, -122.265081]}
},
{
  "type": "Feature",
  "properties": {
    "name": "Lake Almanor Country Club CDP"
  },
  "geometry": {"type": "Point", "coordinates": [40.257774, -121.146959]}
},
{
  "type": "Feature",
  "properties": {
    "name": "Lake Almanor Peninsula CDP"
  },
  "geometry": {"type": "Point", "coordinates": [40.281211, -121.134454]}
},
{
  "type": "Feature",
  "properties": {
    "name": "Lake Almanor West CDP"
  },
  "geometry": {"type": "Point", "coordinates": [40.233574, -121.202077]}
},
{
  "type": "Feature",
  "properties": {
    "name": "Lake Arrowhead CDP"
  },
  "geometry": {"type": "Point", "coordinates": [34.253090, -117.194403]}
},
{
  "type": "Feature",
  "properties": {
    "name": "Lake California CDP"
  },
  "geometry": {"type": "Point", "coordinates": [40.360783, -122.210278]}
},
{
  "type": "Feature",
  "properties": {
    "name": "Lake City CDP"
  },
  "geometry": {"type": "Point", "coordinates": [41.646002, -120.225506]}
},
{
  "type": "Feature",
  "properties": {
    "name": "Lake Davis CDP"
  },
  "geometry": {"type": "Point", "coordinates": [39.856427, -120.463027]}
},
{
  "type": "Feature",
  "properties": {
    "name": "Lake Don Pedro CDP"
  },
  "geometry": {"type": "Point", "coordinates": [37.659037, -120.332938]}
},
{
  "type": "Feature",
  "properties": {
    "name": "Lakehead CDP"
  },
  "geometry": {"type": "Point", "coordinates": [40.900751, -122.392398]}
},
{
  "type": "Feature",
  "properties": {
    "name": "Lake Hughes CDP"
  },
  "geometry": {"type": "Point", "coordinates": [34.683240, -118.458878]}
},
{
  "type": "Feature",
  "properties": {
    "name": "Lake Isabella CDP"
  },
  "geometry": {"type": "Point", "coordinates": [35.637764, -118.481928]}
},
{
  "type": "Feature",
  "properties": {
    "name": "Lakeland Village CDP"
  },
  "geometry": {"type": "Point", "coordinates": [33.647956, -117.370613]}
},
{
  "type": "Feature",
  "properties": {
    "name": "Lake Los Angeles CDP"
  },
  "geometry": {"type": "Point", "coordinates": [34.609666, -117.833910]}
},
{
  "type": "Feature",
  "properties": {
    "name": "Lake Mathews CDP"
  },
  "geometry": {"type": "Point", "coordinates": [33.824966, -117.368340]}
},
{
  "type": "Feature",
  "properties": {
    "name": "Lake Nacimiento CDP"
  },
  "geometry": {"type": "Point", "coordinates": [35.730822, -120.869538]}
},
{
  "type": "Feature",
  "properties": {
    "name": "Lake of the Pines CDP"
  },
  "geometry": {"type": "Point", "coordinates": [39.035670, -121.059037]}
},
{
  "type": "Feature",
  "properties": {
    "name": "Lake of the Woods CDP"
  },
  "geometry": {"type": "Point", "coordinates": [34.822561, -119.002542]}
},
{
  "type": "Feature",
  "properties": {
    "name": "Lake Riverside CDP"
  },
  "geometry": {"type": "Point", "coordinates": [33.517312, -116.810756]}
},
{
  "type": "Feature",
  "properties": {
    "name": "Lake San Marcos CDP"
  },
  "geometry": {"type": "Point", "coordinates": [33.119665, -117.208902]}
},
{
  "type": "Feature",
  "properties": {
    "name": "Lake Shastina CDP"
  },
  "geometry": {"type": "Point", "coordinates": [41.521316, -122.375568]}
},
{
  "type": "Feature",
  "properties": {
    "name": "Lake Sherwood CDP"
  },
  "geometry": {"type": "Point", "coordinates": [34.133860, -118.880402]}
},
{
  "type": "Feature",
  "properties": {
    "name": "Lakeside CDP"
  },
  "geometry": {"type": "Point", "coordinates": [35.234668, -119.082858]}
},
{
  "type": "Feature",
  "properties": {
    "name": "Lakeside CDP"
  },
  "geometry": {"type": "Point", "coordinates": [32.855957, -116.904023]}
},
{
  "type": "Feature",
  "properties": {
    "name": "Lakeview CDP"
  },
  "geometry": {"type": "Point", "coordinates": [33.828465, -117.123334]}
},
{
  "type": "Feature",
  "properties": {
    "name": "Lake Wildwood CDP"
  },
  "geometry": {"type": "Point", "coordinates": [39.234999, -121.200283]}
},
{
  "type": "Feature",
  "properties": {
    "name": "Lamont CDP"
  },
  "geometry": {"type": "Point", "coordinates": [35.265941, -118.915935]}
},
{
  "type": "Feature",
  "properties": {
    "name": "Lanare CDP"
  },
  "geometry": {"type": "Point", "coordinates": [36.437723, -119.932199]}
},
{
  "type": "Feature",
  "properties": {
    "name": "La Porte CDP"
  },
  "geometry": {"type": "Point", "coordinates": [39.672509, -120.985246]}
},
{
  "type": "Feature",
  "properties": {
    "name": "La Presa CDP"
  },
  "geometry": {"type": "Point", "coordinates": [32.710971, -117.002703]}
},
{
  "type": "Feature",
  "properties": {
    "name": "La Riviera CDP"
  },
  "geometry": {"type": "Point", "coordinates": [38.568246, -121.354434]}
},
{
  "type": "Feature",
  "properties": {
    "name": "Larkfield-Wikiup CDP"
  },
  "geometry": {"type": "Point", "coordinates": [38.512972, -122.753602]}
},
{
  "type": "Feature",
  "properties": {
    "name": "La Selva Beach CDP"
  },
  "geometry": {"type": "Point", "coordinates": [36.927377, -121.844406]}
},
{
  "type": "Feature",
  "properties": {
    "name": "Las Flores CDP"
  },
  "geometry": {"type": "Point", "coordinates": [33.583837, -117.623742]}
},
{
  "type": "Feature",
  "properties": {
    "name": "Las Flores CDP"
  },
  "geometry": {"type": "Point", "coordinates": [40.072141, -122.157312]}
},
{
  "type": "Feature",
  "properties": {
    "name": "Las Lomas CDP"
  },
  "geometry": {"type": "Point", "coordinates": [36.868813, -121.731611]}
},
{
  "type": "Feature",
  "properties": {
    "name": "Laton CDP"
  },
  "geometry": {"type": "Point", "coordinates": [36.431410, -119.697595]}
},
{
  "type": "Feature",
  "properties": {
    "name": "La Vina CDP"
  },
  "geometry": {"type": "Point", "coordinates": [36.879865, -120.114802]}
},
{
  "type": "Feature",
  "properties": {
    "name": "Laytonville CDP"
  },
  "geometry": {"type": "Point", "coordinates": [39.671504, -123.494575]}
},
{
  "type": "Feature",
  "properties": {
    "name": "Lebec CDP"
  },
  "geometry": {"type": "Point", "coordinates": [34.844960, -118.899186]}
},
{
  "type": "Feature",
  "properties": {
    "name": "Lee Vining CDP"
  },
  "geometry": {"type": "Point", "coordinates": [37.954599, -119.122102]}
},
{
  "type": "Feature",
  "properties": {
    "name": "Leggett CDP"
  },
  "geometry": {"type": "Point", "coordinates": [39.863539, -123.725174]}
},
{
  "type": "Feature",
  "properties": {
    "name": "Le Grand CDP"
  },
  "geometry": {"type": "Point", "coordinates": [37.228815, -120.254002]}
},
{
  "type": "Feature",
  "properties": {
    "name": "Lemon Cove CDP"
  },
  "geometry": {"type": "Point", "coordinates": [36.380881, -119.028459]}
},
{
  "type": "Feature",
  "properties": {
    "name": "Lemon Hill CDP"
  },
  "geometry": {"type": "Point", "coordinates": [38.517232, -121.457279]}
},
{
  "type": "Feature",
  "properties": {
    "name": "Lemoore Station CDP"
  },
  "geometry": {"type": "Point", "coordinates": [36.263276, -119.904836]}
},
{
  "type": "Feature",
  "properties": {
    "name": "Lennox CDP"
  },
  "geometry": {"type": "Point", "coordinates": [33.938068, -118.358540]}
},
{
  "type": "Feature",
  "properties": {
    "name": "Lenwood CDP"
  },
  "geometry": {"type": "Point", "coordinates": [34.886056, -117.107772]}
},
{
  "type": "Feature",
  "properties": {
    "name": "Leona Valley CDP"
  },
  "geometry": {"type": "Point", "coordinates": [34.614718, -118.298941]}
},
{
  "type": "Feature",
  "properties": {
    "name": "Lewiston CDP"
  },
  "geometry": {"type": "Point", "coordinates": [40.696932, -122.822514]}
},
{
  "type": "Feature",
  "properties": {
    "name": "Lexington Hills CDP"
  },
  "geometry": {"type": "Point", "coordinates": [37.161670, -121.987877]}
},
{
  "type": "Feature",
  "properties": {
    "name": "Likely CDP"
  },
  "geometry": {"type": "Point", "coordinates": [41.225338, -120.503275]}
},
{
  "type": "Feature",
  "properties": {
    "name": "Lincoln Village CDP"
  },
  "geometry": {"type": "Point", "coordinates": [38.005471, -121.333842]}
},
{
  "type": "Feature",
  "properties": {
    "name": "Linda CDP"
  },
  "geometry": {"type": "Point", "coordinates": [39.124140, -121.542169]}
},
{
  "type": "Feature",
  "properties": {
    "name": "Lindcove CDP"
  },
  "geometry": {"type": "Point", "coordinates": [36.358027, -119.064584]}
},
{
  "type": "Feature",
  "properties": {
    "name": "Linden CDP"
  },
  "geometry": {"type": "Point", "coordinates": [38.018570, -121.099364]}
},
{
  "type": "Feature",
  "properties": {
    "name": "Linnell Camp CDP"
  },
  "geometry": {"type": "Point", "coordinates": [36.308887, -119.222583]}
},
{
  "type": "Feature",
  "properties": {
    "name": "Litchfield CDP"
  },
  "geometry": {"type": "Point", "coordinates": [40.387702, -120.380706]}
},
{
  "type": "Feature",
  "properties": {
    "name": "Little Grass Valley CDP"
  },
  "geometry": {"type": "Point", "coordinates": [39.725250, -120.959062]}
},
{
  "type": "Feature",
  "properties": {
    "name": "Little River CDP"
  },
  "geometry": {"type": "Point", "coordinates": [39.270286, -123.781750]}
},
{
  "type": "Feature",
  "properties": {
    "name": "Littlerock CDP"
  },
  "geometry": {"type": "Point", "coordinates": [34.523175, -117.980843]}
},
{
  "type": "Feature",
  "properties": {
    "name": "Little Valley CDP"
  },
  "geometry": {"type": "Point", "coordinates": [40.893117, -121.178070]}
},
{
  "type": "Feature",
  "properties": {
    "name": "Live Oak CDP"
  },
  "geometry": {"type": "Point", "coordinates": [36.986026, -121.980413]}
},
{
  "type": "Feature",
  "properties": {
    "name": "Lockeford CDP"
  },
  "geometry": {"type": "Point", "coordinates": [38.150841, -121.155439]}
},
{
  "type": "Feature",
  "properties": {
    "name": "Lockwood CDP"
  },
  "geometry": {"type": "Point", "coordinates": [38.486691, -120.603424]}
},
{
  "type": "Feature",
  "properties": {
    "name": "Lockwood CDP"
  },
  "geometry": {"type": "Point", "coordinates": [35.941178, -121.080136]}
},
{
  "type": "Feature",
  "properties": {
    "name": "Lodoga CDP"
  },
  "geometry": {"type": "Point", "coordinates": [39.304273, -122.505945]}
},
{
  "type": "Feature",
  "properties": {
    "name": "Loleta CDP"
  },
  "geometry": {"type": "Point", "coordinates": [40.640886, -124.222556]}
},
{
  "type": "Feature",
  "properties": {
    "name": "Loma Mar CDP"
  },
  "geometry": {"type": "Point", "coordinates": [37.265784, -122.300692]}
},
{
  "type": "Feature",
  "properties": {
    "name": "Loma Rica CDP"
  },
  "geometry": {"type": "Point", "coordinates": [39.320319, -121.403826]}
},
{
  "type": "Feature",
  "properties": {
    "name": "Lompico CDP"
  },
  "geometry": {"type": "Point", "coordinates": [37.110042, -122.052308]}
},
{
  "type": "Feature",
  "properties": {
    "name": "London CDP"
  },
  "geometry": {"type": "Point", "coordinates": [36.480480, -119.444940]}
},
{
  "type": "Feature",
  "properties": {
    "name": "Lone Pine CDP"
  },
  "geometry": {"type": "Point", "coordinates": [36.577350, -118.077708]}
},
{
  "type": "Feature",
  "properties": {
    "name": "Long Barn CDP"
  },
  "geometry": {"type": "Point", "coordinates": [38.095700, -120.128506]}
},
{
  "type": "Feature",
  "properties": {
    "name": "Lookout CDP"
  },
  "geometry": {"type": "Point", "coordinates": [41.209415, -121.154363]}
},
{
  "type": "Feature",
  "properties": {
    "name": "Los Alamos CDP"
  },
  "geometry": {"type": "Point", "coordinates": [34.741803, -120.274596]}
},
{
  "type": "Feature",
  "properties": {
    "name": "Los Berros CDP"
  },
  "geometry": {"type": "Point", "coordinates": [35.080907, -120.545036]}
},
{
  "type": "Feature",
  "properties": {
    "name": "Los Molinos CDP"
  },
  "geometry": {"type": "Point", "coordinates": [40.027005, -122.098110]}
},
{
  "type": "Feature",
  "properties": {
    "name": "Los Olivos CDP"
  },
  "geometry": {"type": "Point", "coordinates": [34.664058, -120.116970]}
},
{
  "type": "Feature",
  "properties": {
    "name": "Los Osos CDP"
  },
  "geometry": {"type": "Point", "coordinates": [35.306808, -120.824798]}
},
{
  "type": "Feature",
  "properties": {
    "name": "Los Ranchos CDP"
  },
  "geometry": {"type": "Point", "coordinates": [35.210423, -120.629499]}
},
{
  "type": "Feature",
  "properties": {
    "name": "Lost Hills CDP"
  },
  "geometry": {"type": "Point", "coordinates": [35.625405, -119.678855]}
},
{
  "type": "Feature",
  "properties": {
    "name": "Lower Lake CDP"
  },
  "geometry": {"type": "Point", "coordinates": [38.911828, -122.608517]}
},
{
  "type": "Feature",
  "properties": {
    "name": "Loyola CDP"
  },
  "geometry": {"type": "Point", "coordinates": [37.350326, -122.097973]}
},
{
  "type": "Feature",
  "properties": {
    "name": "Lucas Valley-Marinwood CDP"
  },
  "geometry": {"type": "Point", "coordinates": [38.040507, -122.576485]}
},
{
  "type": "Feature",
  "properties": {
    "name": "Lucerne CDP"
  },
  "geometry": {"type": "Point", "coordinates": [39.069720, -122.774579]}
},
{
  "type": "Feature",
  "properties": {
    "name": "Lucerne Valley CDP"
  },
  "geometry": {"type": "Point", "coordinates": [34.442700, -116.902092]}
},
{
  "type": "Feature",
  "properties": {
    "name": "Lytle Creek CDP"
  },
  "geometry": {"type": "Point", "coordinates": [34.249926, -117.504431]}
},
{
  "type": "Feature",
  "properties": {
    "name": "Mabie CDP"
  },
  "geometry": {"type": "Point", "coordinates": [39.777061, -120.544696]}
},
{
  "type": "Feature",
  "properties": {
    "name": "McArthur CDP"
  },
  "geometry": {"type": "Point", "coordinates": [41.041355, -121.406828]}
},
{
  "type": "Feature",
  "properties": {
    "name": "McClellan Park CDP"
  },
  "geometry": {"type": "Point", "coordinates": [38.662898, -121.401655]}
},
{
  "type": "Feature",
  "properties": {
    "name": "McClenney Tract CDP"
  },
  "geometry": {"type": "Point", "coordinates": [35.821984, -118.647839]}
},
{
  "type": "Feature",
  "properties": {
    "name": "McCloud CDP"
  },
  "geometry": {"type": "Point", "coordinates": [41.254062, -122.136071]}
},
{
  "type": "Feature",
  "properties": {
    "name": "Macdoel CDP"
  },
  "geometry": {"type": "Point", "coordinates": [41.826173, -122.005885]}
},
{
  "type": "Feature",
  "properties": {
    "name": "McGee Creek CDP"
  },
  "geometry": {"type": "Point", "coordinates": [37.572666, -118.791000]}
},
{
  "type": "Feature",
  "properties": {
    "name": "McKinleyville CDP"
  },
  "geometry": {"type": "Point", "coordinates": [40.948700, -124.085646]}
},
{
  "type": "Feature",
  "properties": {
    "name": "McKittrick CDP"
  },
  "geometry": {"type": "Point", "coordinates": [35.298028, -119.624921]}
},
{
  "type": "Feature",
  "properties": {
    "name": "McSwain CDP"
  },
  "geometry": {"type": "Point", "coordinates": [37.314506, -120.586759]}
},
{
  "type": "Feature",
  "properties": {
    "name": "Madeline CDP"
  },
  "geometry": {"type": "Point", "coordinates": [41.051410, -120.475434]}
},
{
  "type": "Feature",
  "properties": {
    "name": "Madera Acres CDP"
  },
  "geometry": {"type": "Point", "coordinates": [37.012657, -120.079726]}
},
{
  "type": "Feature",
  "properties": {
    "name": "Madera Ranchos CDP"
  },
  "geometry": {"type": "Point", "coordinates": [36.927910, -119.877283]}
},
{
  "type": "Feature",
  "properties": {
    "name": "Madison CDP"
  },
  "geometry": {"type": "Point", "coordinates": [38.674988, -121.970253]}
},
{
  "type": "Feature",
  "properties": {
    "name": "Mad River CDP"
  },
  "geometry": {"type": "Point", "coordinates": [40.432544, -123.492074]}
},
{
  "type": "Feature",
  "properties": {
    "name": "Magalia CDP"
  },
  "geometry": {"type": "Point", "coordinates": [39.823118, -121.607554]}
},
{
  "type": "Feature",
  "properties": {
    "name": "Malaga CDP"
  },
  "geometry": {"type": "Point", "coordinates": [36.681602, -119.731786]}
},
{
  "type": "Feature",
  "properties": {
    "name": "Manchester CDP"
  },
  "geometry": {"type": "Point", "coordinates": [38.974385, -123.690961]}
},
{
  "type": "Feature",
  "properties": {
    "name": "Manila CDP"
  },
  "geometry": {"type": "Point", "coordinates": [40.851419, -124.163055]}
},
{
  "type": "Feature",
  "properties": {
    "name": "Manton CDP"
  },
  "geometry": {"type": "Point", "coordinates": [40.420191, -121.853991]}
},
{
  "type": "Feature",
  "properties": {
    "name": "March ARB CDP"
  },
  "geometry": {"type": "Point", "coordinates": [33.888898, -117.277760]}
},
{
  "type": "Feature",
  "properties": {
    "name": "Marina del Rey CDP"
  },
  "geometry": {"type": "Point", "coordinates": [33.976493, -118.448598]}
},
{
  "type": "Feature",
  "properties": {
    "name": "Marin City CDP"
  },
  "geometry": {"type": "Point", "coordinates": [37.871156, -122.513736]}
},
{
  "type": "Feature",
  "properties": {
    "name": "Mariposa CDP"
  },
  "geometry": {"type": "Point", "coordinates": [37.491198, -119.972149]}
},
{
  "type": "Feature",
  "properties": {
    "name": "Markleeville CDP"
  },
  "geometry": {"type": "Point", "coordinates": [38.684001, -119.822737]}
},
{
  "type": "Feature",
  "properties": {
    "name": "Martell CDP"
  },
  "geometry": {"type": "Point", "coordinates": [38.364349, -120.803627]}
},
{
  "type": "Feature",
  "properties": {
    "name": "Matheny CDP"
  },
  "geometry": {"type": "Point", "coordinates": [36.170646, -119.351608]}
},
{
  "type": "Feature",
  "properties": {
    "name": "Mather CDP"
  },
  "geometry": {"type": "Point", "coordinates": [38.548834, -121.283154]}
},
{
  "type": "Feature",
  "properties": {
    "name": "Maxwell CDP"
  },
  "geometry": {"type": "Point", "coordinates": [39.277079, -122.194676]}
},
{
  "type": "Feature",
  "properties": {
    "name": "Mayfair CDP"
  },
  "geometry": {"type": "Point", "coordinates": [36.769346, -119.761264]}
},
{
  "type": "Feature",
  "properties": {
    "name": "Mayflower Village CDP"
  },
  "geometry": {"type": "Point", "coordinates": [34.115931, -118.009581]}
},
{
  "type": "Feature",
  "properties": {
    "name": "Meadowbrook CDP"
  },
  "geometry": {"type": "Point", "coordinates": [33.725261, -117.285017]}
},
{
  "type": "Feature",
  "properties": {
    "name": "Meadow Valley CDP"
  },
  "geometry": {"type": "Point", "coordinates": [39.932312, -121.083082]}
},
{
  "type": "Feature",
  "properties": {
    "name": "Meadow Vista CDP"
  },
  "geometry": {"type": "Point", "coordinates": [39.002937, -121.030380]}
},
{
  "type": "Feature",
  "properties": {
    "name": "Mead Valley CDP"
  },
  "geometry": {"type": "Point", "coordinates": [33.833312, -117.285202]}
},
{
  "type": "Feature",
  "properties": {
    "name": "Mecca CDP"
  },
  "geometry": {"type": "Point", "coordinates": [33.576567, -116.064661]}
},
{
  "type": "Feature",
  "properties": {
    "name": "Meiners Oaks CDP"
  },
  "geometry": {"type": "Point", "coordinates": [34.455349, -119.270165]}
},
{
  "type": "Feature",
  "properties": {
    "name": "Mendocino CDP"
  },
  "geometry": {"type": "Point", "coordinates": [39.311161, -123.794673]}
},
{
  "type": "Feature",
  "properties": {
    "name": "Mentone CDP"
  },
  "geometry": {"type": "Point", "coordinates": [34.060930, -117.110819]}
},
{
  "type": "Feature",
  "properties": {
    "name": "Meridian CDP"
  },
  "geometry": {"type": "Point", "coordinates": [39.140439, -121.907900]}
},
{
  "type": "Feature",
  "properties": {
    "name": "Mesa CDP"
  },
  "geometry": {"type": "Point", "coordinates": [37.418954, -118.542395]}
},
{
  "type": "Feature",
  "properties": {
    "name": "Mesa Verde CDP"
  },
  "geometry": {"type": "Point", "coordinates": [33.595700, -114.731603]}
},
{
  "type": "Feature",
  "properties": {
    "name": "Mesa Vista CDP"
  },
  "geometry": {"type": "Point", "coordinates": [38.810288, -119.803264]}
},
{
  "type": "Feature",
  "properties": {
    "name": "Mettler CDP"
  },
  "geometry": {"type": "Point", "coordinates": [35.063563, -118.972980]}
},
{
  "type": "Feature",
  "properties": {
    "name": "Mexican Colony CDP"
  },
  "geometry": {"type": "Point", "coordinates": [35.468930, -119.268712]}
},
{
  "type": "Feature",
  "properties": {
    "name": "Meyers CDP"
  },
  "geometry": {"type": "Point", "coordinates": [38.834359, -120.018837]}
},
{
  "type": "Feature",
  "properties": {
    "name": "Middletown CDP"
  },
  "geometry": {"type": "Point", "coordinates": [38.751878, -122.622103]}
},
{
  "type": "Feature",
  "properties": {
    "name": "Midpines CDP"
  },
  "geometry": {"type": "Point", "coordinates": [37.552357, -119.928872]}
},
{
  "type": "Feature",
  "properties": {
    "name": "Midway City CDP"
  },
  "geometry": {"type": "Point", "coordinates": [33.745119, -117.984843]}
},
{
  "type": "Feature",
  "properties": {
    "name": "Milford CDP"
  },
  "geometry": {"type": "Point", "coordinates": [40.163326, -120.368612]}
},
{
  "type": "Feature",
  "properties": {
    "name": "Millerton CDP"
  },
  "geometry": {"type": "Point", "coordinates": [36.976927, -119.665774]}
},
{
  "type": "Feature",
  "properties": {
    "name": "Millville CDP"
  },
  "geometry": {"type": "Point", "coordinates": [40.557585, -122.169623]}
},
{
  "type": "Feature",
  "properties": {
    "name": "Mineral CDP"
  },
  "geometry": {"type": "Point", "coordinates": [40.375462, -121.569417]}
},
{
  "type": "Feature",
  "properties": {
    "name": "Minkler CDP"
  },
  "geometry": {"type": "Point", "coordinates": [36.727626, -119.458846]}
},
{
  "type": "Feature",
  "properties": {
    "name": "Mira Monte CDP"
  },
  "geometry": {"type": "Point", "coordinates": [34.431211, -119.287872]}
},
{
  "type": "Feature",
  "properties": {
    "name": "Miranda CDP"
  },
  "geometry": {"type": "Point", "coordinates": [40.228895, -123.817266]}
},
{
  "type": "Feature",
  "properties": {
    "name": "Mission Canyon CDP"
  },
  "geometry": {"type": "Point", "coordinates": [34.454857, -119.712237]}
},
{
  "type": "Feature",
  "properties": {
    "name": "Mission Hills CDP"
  },
  "geometry": {"type": "Point", "coordinates": [34.686083, -120.440425]}
},
{
  "type": "Feature",
  "properties": {
    "name": "Mi-Wuk Village CDP"
  },
  "geometry": {"type": "Point", "coordinates": [38.056944, -120.179392]}
},
{
  "type": "Feature",
  "properties": {
    "name": "Modjeska CDP"
  },
  "geometry": {"type": "Point", "coordinates": [33.709132, -117.629704]}
},
{
  "type": "Feature",
  "properties": {
    "name": "Mohawk Vista CDP"
  },
  "geometry": {"type": "Point", "coordinates": [39.804824, -120.588315]}
},
{
  "type": "Feature",
  "properties": {
    "name": "Mojave CDP"
  },
  "geometry": {"type": "Point", "coordinates": [35.013868, -118.189583]}
},
{
  "type": "Feature",
  "properties": {
    "name": "Mokelumne Hill CDP"
  },
  "geometry": {"type": "Point", "coordinates": [38.305642, -120.706116]}
},
{
  "type": "Feature",
  "properties": {
    "name": "Monmouth CDP"
  },
  "geometry": {"type": "Point", "coordinates": [36.565621, -119.740475]}
},
{
  "type": "Feature",
  "properties": {
    "name": "Mono City CDP"
  },
  "geometry": {"type": "Point", "coordinates": [38.032126, -119.147399]}
},
{
  "type": "Feature",
  "properties": {
    "name": "Mono Vista CDP"
  },
  "geometry": {"type": "Point", "coordinates": [38.012361, -120.269738]}
},
{
  "type": "Feature",
  "properties": {
    "name": "Monson CDP"
  },
  "geometry": {"type": "Point", "coordinates": [36.492420, -119.336121]}
},
{
  "type": "Feature",
  "properties": {
    "name": "Montalvin Manor CDP"
  },
  "geometry": {"type": "Point", "coordinates": [37.997583, -122.330092]}
},
{
  "type": "Feature",
  "properties": {
    "name": "Montara CDP"
  },
  "geometry": {"type": "Point", "coordinates": [37.548263, -122.492361]}
},
{
  "type": "Feature",
  "properties": {
    "name": "Montecito CDP"
  },
  "geometry": {"type": "Point", "coordinates": [34.419028, -119.632821]}
},
{
  "type": "Feature",
  "properties": {
    "name": "Monterey Park Tract CDP"
  },
  "geometry": {"type": "Point", "coordinates": [37.526814, -121.011487]}
},
{
  "type": "Feature",
  "properties": {
    "name": "Monte Rio CDP"
  },
  "geometry": {"type": "Point", "coordinates": [38.468376, -123.014733]}
},
{
  "type": "Feature",
  "properties": {
    "name": "Montgomery Creek CDP"
  },
  "geometry": {"type": "Point", "coordinates": [40.841447, -121.921501]}
},
{
  "type": "Feature",
  "properties": {
    "name": "Monument Hills CDP"
  },
  "geometry": {"type": "Point", "coordinates": [38.664106, -121.875389]}
},
{
  "type": "Feature",
  "properties": {
    "name": "Morada CDP"
  },
  "geometry": {"type": "Point", "coordinates": [38.038630, -121.245549]}
},
{
  "type": "Feature",
  "properties": {
    "name": "Morongo Valley CDP"
  },
  "geometry": {"type": "Point", "coordinates": [34.072378, -116.562720]}
},
{
  "type": "Feature",
  "properties": {
    "name": "Moskowite Corner CDP"
  },
  "geometry": {"type": "Point", "coordinates": [38.446384, -122.194383]}
},
{
  "type": "Feature",
  "properties": {
    "name": "Moss Beach CDP"
  },
  "geometry": {"type": "Point", "coordinates": [37.518447, -122.503522]}
},
{
  "type": "Feature",
  "properties": {
    "name": "Moss Landing CDP"
  },
  "geometry": {"type": "Point", "coordinates": [36.801522, -121.787215]}
},
{
  "type": "Feature",
  "properties": {
    "name": "Mountain Center CDP"
  },
  "geometry": {"type": "Point", "coordinates": [33.711212, -116.724848]}
},
{
  "type": "Feature",
  "properties": {
    "name": "Mountain Gate CDP"
  },
  "geometry": {"type": "Point", "coordinates": [40.718457, -122.326224]}
},
{
  "type": "Feature",
  "properties": {
    "name": "Mountain House CDP"
  },
  "geometry": {"type": "Point", "coordinates": [37.767303, -121.544935]}
},
{
  "type": "Feature",
  "properties": {
    "name": "Mountain Meadows CDP"
  },
  "geometry": {"type": "Point", "coordinates": [35.095599, -118.433454]}
},
{
  "type": "Feature",
  "properties": {
    "name": "Mountain Mesa CDP"
  },
  "geometry": {"type": "Point", "coordinates": [35.641137, -118.404645]}
},
{
  "type": "Feature",
  "properties": {
    "name": "Mountain Ranch CDP"
  },
  "geometry": {"type": "Point", "coordinates": [38.211722, -120.531116]}
},
{
  "type": "Feature",
  "properties": {
    "name": "Mountain View CDP"
  },
  "geometry": {"type": "Point", "coordinates": [38.009205, -122.116850]}
},
{
  "type": "Feature",
  "properties": {
    "name": "Mountain View Acres CDP"
  },
  "geometry": {"type": "Point", "coordinates": [34.497558, -117.347173]}
},
{
  "type": "Feature",
  "properties": {
    "name": "Mt. Bullion CDP"
  },
  "geometry": {"type": "Point", "coordinates": [37.508179, -120.043782]}
},
{
  "type": "Feature",
  "properties": {
    "name": "Mount Hebron CDP"
  },
  "geometry": {"type": "Point", "coordinates": [41.785573, -122.007900]}
},
{
  "type": "Feature",
  "properties": {
    "name": "Mount Hermon CDP"
  },
  "geometry": {"type": "Point", "coordinates": [37.051032, -122.053348]}
},
{
  "type": "Feature",
  "properties": {
    "name": "Mount Laguna CDP"
  },
  "geometry": {"type": "Point", "coordinates": [32.871105, -116.424687]}
},
{
  "type": "Feature",
  "properties": {
    "name": "Muir Beach CDP"
  },
  "geometry": {"type": "Point", "coordinates": [37.865470, -122.586237]}
},
{
  "type": "Feature",
  "properties": {
    "name": "Murphys CDP"
  },
  "geometry": {"type": "Point", "coordinates": [38.135404, -120.448645]}
},
{
  "type": "Feature",
  "properties": {
    "name": "Muscoy CDP"
  },
  "geometry": {"type": "Point", "coordinates": [34.155176, -117.347722]}
},
{
  "type": "Feature",
  "properties": {
    "name": "Myers Flat CDP"
  },
  "geometry": {"type": "Point", "coordinates": [40.266565, -123.873666]}
},
{
  "type": "Feature",
  "properties": {
    "name": "Myrtletown CDP"
  },
  "geometry": {"type": "Point", "coordinates": [40.788712, -124.128645]}
},
{
  "type": "Feature",
  "properties": {
    "name": "Newcastle CDP"
  },
  "geometry": {"type": "Point", "coordinates": [38.867664, -121.131822]}
},
{
  "type": "Feature",
  "properties": {
    "name": "New Cuyama CDP"
  },
  "geometry": {"type": "Point", "coordinates": [34.943057, -119.682018]}
},
{
  "type": "Feature",
  "properties": {
    "name": "Newell CDP"
  },
  "geometry": {"type": "Point", "coordinates": [41.889825, -121.367400]}
},
{
  "type": "Feature",
  "properties": {
    "name": "New Pine Creek CDP"
  },
  "geometry": {"type": "Point", "coordinates": [41.987269, -120.300964]}
},
{
  "type": "Feature",
  "properties": {
    "name": "Nicasio CDP"
  },
  "geometry": {"type": "Point", "coordinates": [38.060622, -122.700822]}
},
{
  "type": "Feature",
  "properties": {
    "name": "Nice CDP"
  },
  "geometry": {"type": "Point", "coordinates": [39.126642, -122.852504]}
},
{
  "type": "Feature",
  "properties": {
    "name": "Nicolaus CDP"
  },
  "geometry": {"type": "Point", "coordinates": [38.898192, -121.572836]}
},
{
  "type": "Feature",
  "properties": {
    "name": "Niland CDP"
  },
  "geometry": {"type": "Point", "coordinates": [33.238708, -115.514440]}
},
{
  "type": "Feature",
  "properties": {
    "name": "Nipinnawasee CDP"
  },
  "geometry": {"type": "Point", "coordinates": [37.403053, -119.729268]}
},
{
  "type": "Feature",
  "properties": {
    "name": "Nipomo CDP"
  },
  "geometry": {"type": "Point", "coordinates": [35.031862, -120.498417]}
},
{
  "type": "Feature",
  "properties": {
    "name": "Nord CDP"
  },
  "geometry": {"type": "Point", "coordinates": [39.773788, -121.954903]}
},
{
  "type": "Feature",
  "properties": {
    "name": "Norris Canyon CDP"
  },
  "geometry": {"type": "Point", "coordinates": [37.745758, -121.988093]}
},
{
  "type": "Feature",
  "properties": {
    "name": "North Auburn CDP"
  },
  "geometry": {"type": "Point", "coordinates": [38.930571, -121.082080]}
},
{
  "type": "Feature",
  "properties": {
    "name": "North Edwards CDP"
  },
  "geometry": {"type": "Point", "coordinates": [35.047338, -117.809350]}
},
{
  "type": "Feature",
  "properties": {
    "name": "North El Monte CDP"
  },
  "geometry": {"type": "Point", "coordinates": [34.102927, -118.023862]}
},
{
  "type": "Feature",
  "properties": {
    "name": "North Fair Oaks CDP"
  },
  "geometry": {"type": "Point", "coordinates": [37.475426, -122.203459]}
},
{
  "type": "Feature",
  "properties": {
    "name": "North Fork CDP"
  },
  "geometry": {"type": "Point", "coordinates": [37.230562, -119.519931]}
},
{
  "type": "Feature",
  "properties": {
    "name": "North Gate CDP"
  },
  "geometry": {"type": "Point", "coordinates": [37.905513, -121.997879]}
},
{
  "type": "Feature",
  "properties": {
    "name": "North Highlands CDP"
  },
  "geometry": {"type": "Point", "coordinates": [38.671335, -121.372137]}
},
{
  "type": "Feature",
  "properties": {
    "name": "North Lakeport CDP"
  },
  "geometry": {"type": "Point", "coordinates": [39.088273, -122.905289]}
},
{
  "type": "Feature",
  "properties": {
    "name": "North Richmond CDP"
  },
  "geometry": {"type": "Point", "coordinates": [37.964585, -122.372808]}
},
{
  "type": "Feature",
  "properties": {
    "name": "North San Juan CDP"
  },
  "geometry": {"type": "Point", "coordinates": [39.371810, -121.106079]}
},
{
  "type": "Feature",
  "properties": {
    "name": "North Shore CDP"
  },
  "geometry": {"type": "Point", "coordinates": [33.515671, -115.909239]}
},
{
  "type": "Feature",
  "properties": {
    "name": "North Tustin CDP"
  },
  "geometry": {"type": "Point", "coordinates": [33.763544, -117.794716]}
},
{
  "type": "Feature",
  "properties": {
    "name": "Nubieber CDP"
  },
  "geometry": {"type": "Point", "coordinates": [41.096640, -121.181579]}
},
{
  "type": "Feature",
  "properties": {
    "name": "Nuevo CDP"
  },
  "geometry": {"type": "Point", "coordinates": [33.801137, -117.141378]}
},
{
  "type": "Feature",
  "properties": {
    "name": "Oak Glen CDP"
  },
  "geometry": {"type": "Point", "coordinates": [34.044769, -116.949747]}
},
{
  "type": "Feature",
  "properties": {
    "name": "Oak Hills CDP"
  },
  "geometry": {"type": "Point", "coordinates": [34.391087, -117.412288]}
},
{
  "type": "Feature",
  "properties": {
    "name": "Oakhurst CDP"
  },
  "geometry": {"type": "Point", "coordinates": [37.347511, -119.620230]}
},
{
  "type": "Feature",
  "properties": {
    "name": "Oak Park CDP"
  },
  "geometry": {"type": "Point", "coordinates": [34.184985, -118.766940]}
},
{
  "type": "Feature",
  "properties": {
    "name": "Oak Run CDP"
  },
  "geometry": {"type": "Point", "coordinates": [40.690202, -122.028488]}
},
{
  "type": "Feature",
  "properties": {
    "name": "Oak Shores CDP"
  },
  "geometry": {"type": "Point", "coordinates": [35.760142, -120.981337]}
},
{
  "type": "Feature",
  "properties": {
    "name": "Oak View CDP"
  },
  "geometry": {"type": "Point", "coordinates": [34.403037, -119.298949]}
},
{
  "type": "Feature",
  "properties": {
    "name": "Oakville CDP"
  },
  "geometry": {"type": "Point", "coordinates": [38.438373, -122.406773]}
},
{
  "type": "Feature",
  "properties": {
    "name": "Oasis CDP"
  },
  "geometry": {"type": "Point", "coordinates": [33.527536, -116.126104]}
},
{
  "type": "Feature",
  "properties": {
    "name": "Occidental CDP"
  },
  "geometry": {"type": "Point", "coordinates": [38.400374, -122.934953]}
},
{
  "type": "Feature",
  "properties": {
    "name": "Oceano CDP"
  },
  "geometry": {"type": "Point", "coordinates": [35.101865, -120.608927]}
},
{
  "type": "Feature",
  "properties": {
    "name": "Ocotillo CDP"
  },
  "geometry": {"type": "Point", "coordinates": [32.743125, -116.001878]}
},
{
  "type": "Feature",
  "properties": {
    "name": "Oildale CDP"
  },
  "geometry": {"type": "Point", "coordinates": [35.429263, -119.030576]}
},
{
  "type": "Feature",
  "properties": {
    "name": "Olancha CDP"
  },
  "geometry": {"type": "Point", "coordinates": [36.270362, -118.001503]}
},
{
  "type": "Feature",
  "properties": {
    "name": "Olde Stockdale CDP"
  },
  "geometry": {"type": "Point", "coordinates": [35.347599, -119.079372]}
},
{
  "type": "Feature",
  "properties": {
    "name": "Old Fig Garden CDP"
  },
  "geometry": {"type": "Point", "coordinates": [36.798841, -119.805125]}
},
{
  "type": "Feature",
  "properties": {
    "name": "Old River CDP"
  },
  "geometry": {"type": "Point", "coordinates": [35.267124, -119.105523]}
},
{
  "type": "Feature",
  "properties": {
    "name": "Old Station CDP"
  },
  "geometry": {"type": "Point", "coordinates": [40.672168, -121.422785]}
},
{
  "type": "Feature",
  "properties": {
    "name": "Old Stine CDP"
  },
  "geometry": {"type": "Point", "coordinates": [35.347751, -119.046923]}
},
{
  "type": "Feature",
  "properties": {
    "name": "Olivehurst CDP"
  },
  "geometry": {"type": "Point", "coordinates": [39.079463, -121.556660]}
},
{
  "type": "Feature",
  "properties": {
    "name": "Ono CDP"
  },
  "geometry": {"type": "Point", "coordinates": [40.480157, -122.625715]}
},
{
  "type": "Feature",
  "properties": {
    "name": "Onyx CDP"
  },
  "geometry": {"type": "Point", "coordinates": [35.683874, -118.210157]}
},
{
  "type": "Feature",
  "properties": {
    "name": "Orange Blossom CDP"
  },
  "geometry": {"type": "Point", "coordinates": [37.809617, -120.711511]}
},
{
  "type": "Feature",
  "properties": {
    "name": "Orangevale CDP"
  },
  "geometry": {"type": "Point", "coordinates": [38.688095, -121.220869]}
},
{
  "type": "Feature",
  "properties": {
    "name": "Orcutt CDP"
  },
  "geometry": {"type": "Point", "coordinates": [34.869103, -120.422244]}
},
{
  "type": "Feature",
  "properties": {
    "name": "Orick CDP"
  },
  "geometry": {"type": "Point", "coordinates": [41.290917, -124.069139]}
},
{
  "type": "Feature",
  "properties": {
    "name": "Orosi CDP"
  },
  "geometry": {"type": "Point", "coordinates": [36.543271, -119.291419]}
},
{
  "type": "Feature",
  "properties": {
    "name": "Oroville East CDP"
  },
  "geometry": {"type": "Point", "coordinates": [39.494669, -121.486607]}
},
{
  "type": "Feature",
  "properties": {
    "name": "Pacheco CDP"
  },
  "geometry": {"type": "Point", "coordinates": [37.987853, -122.069827]}
},
{
  "type": "Feature",
  "properties": {
    "name": "Pajaro CDP"
  },
  "geometry": {"type": "Point", "coordinates": [36.901659, -121.741730]}
},
{
  "type": "Feature",
  "properties": {
    "name": "Pajaro Dunes CDP"
  },
  "geometry": {"type": "Point", "coordinates": [36.872238, -121.810067]}
},
{
  "type": "Feature",
  "properties": {
    "name": "Pala CDP"
  },
  "geometry": {"type": "Point", "coordinates": [33.363926, -117.067785]}
},
{
  "type": "Feature",
  "properties": {
    "name": "Palermo CDP"
  },
  "geometry": {"type": "Point", "coordinates": [39.431269, -121.522542]}
},
{
  "type": "Feature",
  "properties": {
    "name": "Palo Cedro CDP"
  },
  "geometry": {"type": "Point", "coordinates": [40.565828, -122.242519]}
},
{
  "type": "Feature",
  "properties": {
    "name": "Paloma CDP"
  },
  "geometry": {"type": "Point", "coordinates": [38.260552, -120.764426]}
},
{
  "type": "Feature",
  "properties": {
    "name": "Palo Verde CDP"
  },
  "geometry": {"type": "Point", "coordinates": [33.427843, -114.727095]}
},
{
  "type": "Feature",
  "properties": {
    "name": "Panorama Heights CDP"
  },
  "geometry": {"type": "Point", "coordinates": [35.806767, -118.627053]}
},
{
  "type": "Feature",
  "properties": {
    "name": "Paradise CDP"
  },
  "geometry": {"type": "Point", "coordinates": [37.482854, -118.602214]}
},
{
  "type": "Feature",
  "properties": {
    "name": "Paradise Park CDP"
  },
  "geometry": {"type": "Point", "coordinates": [37.006298, -122.042414]}
},
{
  "type": "Feature",
  "properties": {
    "name": "Parklawn CDP"
  },
  "geometry": {"type": "Point", "coordinates": [37.607091, -120.980386]}
},
{
  "type": "Feature",
  "properties": {
    "name": "Parksdale CDP"
  },
  "geometry": {"type": "Point", "coordinates": [36.946491, -120.021168]}
},
{
  "type": "Feature",
  "properties": {
    "name": "Parkway CDP"
  },
  "geometry": {"type": "Point", "coordinates": [38.499293, -121.452012]}
},
{
  "type": "Feature",
  "properties": {
    "name": "Parkwood CDP"
  },
  "geometry": {"type": "Point", "coordinates": [36.929255, -120.048139]}
},
{
  "type": "Feature",
  "properties": {
    "name": "Pasatiempo CDP"
  },
  "geometry": {"type": "Point", "coordinates": [37.003338, -122.026474]}
},
{
  "type": "Feature",
  "properties": {
    "name": "Paskenta CDP"
  },
  "geometry": {"type": "Point", "coordinates": [39.883275, -122.545833]}
},
{
  "type": "Feature",
  "properties": {
    "name": "Patterson Tract CDP"
  },
  "geometry": {"type": "Point", "coordinates": [36.379521, -119.295604]}
},
{
  "type": "Feature",
  "properties": {
    "name": "Patton Village CDP"
  },
  "geometry": {"type": "Point", "coordinates": [40.140724, -120.178123]}
},
{
  "type": "Feature",
  "properties": {
    "name": "Paxton CDP"
  },
  "geometry": {"type": "Point", "coordinates": [40.033606, -121.002568]}
},
{
  "type": "Feature",
  "properties": {
    "name": "Paynes Creek CDP"
  },
  "geometry": {"type": "Point", "coordinates": [40.340875, -121.917421]}
},
{
  "type": "Feature",
  "properties": {
    "name": "Pearsonville CDP"
  },
  "geometry": {"type": "Point", "coordinates": [35.818855, -117.875523]}
},
{
  "type": "Feature",
  "properties": {
    "name": "Penngrove CDP"
  },
  "geometry": {"type": "Point", "coordinates": [38.300619, -122.670640]}
},
{
  "type": "Feature",
  "properties": {
    "name": "Penn Valley CDP"
  },
  "geometry": {"type": "Point", "coordinates": [39.195297, -121.194153]}
},
{
  "type": "Feature",
  "properties": {
    "name": "Penryn CDP"
  },
  "geometry": {"type": "Point", "coordinates": [38.848218, -121.169808]}
},
{
  "type": "Feature",
  "properties": {
    "name": "Pepperdine University CDP"
  },
  "geometry": {"type": "Point", "coordinates": [34.042278, -118.709182]}
},
{
  "type": "Feature",
  "properties": {
    "name": "Pescadero CDP"
  },
  "geometry": {"type": "Point", "coordinates": [37.250752, -122.372519]}
},
{
  "type": "Feature",
  "properties": {
    "name": "Petaluma Center CDP"
  },
  "geometry": {"type": "Point", "coordinates": [38.250652, -122.788841]}
},
{
  "type": "Feature",
  "properties": {
    "name": "Peters CDP"
  },
  "geometry": {"type": "Point", "coordinates": [37.976301, -121.043933]}
},
{
  "type": "Feature",
  "properties": {
    "name": "Phelan CDP"
  },
  "geometry": {"type": "Point", "coordinates": [34.439825, -117.524838]}
},
{
  "type": "Feature",
  "properties": {
    "name": "Phillipsville CDP"
  },
  "geometry": {"type": "Point", "coordinates": [40.211736, -123.784453]}
},
{
  "type": "Feature",
  "properties": {
    "name": "Philo CDP"
  },
  "geometry": {"type": "Point", "coordinates": [39.065757, -123.445063]}
},
{
  "type": "Feature",
  "properties": {
    "name": "Phoenix Lake CDP"
  },
  "geometry": {"type": "Point", "coordinates": [38.007546, -120.308964]}
},
{
  "type": "Feature",
  "properties": {
    "name": "Pierpoint CDP"
  },
  "geometry": {"type": "Point", "coordinates": [36.140468, -118.629615]}
},
{
  "type": "Feature",
  "properties": {
    "name": "Pike CDP"
  },
  "geometry": {"type": "Point", "coordinates": [39.427844, -120.999681]}
},
{
  "type": "Feature",
  "properties": {
    "name": "Pine Canyon CDP"
  },
  "geometry": {"type": "Point", "coordinates": [36.175697, -121.149815]}
},
{
  "type": "Feature",
  "properties": {
    "name": "Pine Flat CDP"
  },
  "geometry": {"type": "Point", "coordinates": [35.874628, -118.642859]}
},
{
  "type": "Feature",
  "properties": {
    "name": "Pine Grove CDP"
  },
  "geometry": {"type": "Point", "coordinates": [38.403042, -120.657091]}
},
{
  "type": "Feature",
  "properties": {
    "name": "Pine Hills CDP"
  },
  "geometry": {"type": "Point", "coordinates": [40.731290, -124.155105]}
},
{
  "type": "Feature",
  "properties": {
    "name": "Pine Mountain Club CDP"
  },
  "geometry": {"type": "Point", "coordinates": [34.844576, -119.166877]}
},
{
  "type": "Feature",
  "properties": {
    "name": "Pine Mountain Lake CDP"
  },
  "geometry": {"type": "Point", "coordinates": [37.859885, -120.184390]}
},
{
  "type": "Feature",
  "properties": {
    "name": "Pine Valley CDP"
  },
  "geometry": {"type": "Point", "coordinates": [32.841515, -116.510704]}
},
{
  "type": "Feature",
  "properties": {
    "name": "Pi?on Hills CDP"
  },
  "geometry": {"type": "Point", "coordinates": [34.443784, -117.621434]}
},
{
  "type": "Feature",
  "properties": {
    "name": "Pioneer CDP"
  },
  "geometry": {"type": "Point", "coordinates": [38.433758, -120.586075]}
},
{
  "type": "Feature",
  "properties": {
    "name": "Piru CDP"
  },
  "geometry": {"type": "Point", "coordinates": [34.406361, -118.801918]}
},
{
  "type": "Feature",
  "properties": {
    "name": "Pixley CDP"
  },
  "geometry": {"type": "Point", "coordinates": [35.978546, -119.300320]}
},
{
  "type": "Feature",
  "properties": {
    "name": "Plainview CDP"
  },
  "geometry": {"type": "Point", "coordinates": [36.143028, -119.135340]}
},
{
  "type": "Feature",
  "properties": {
    "name": "Planada CDP"
  },
  "geometry": {"type": "Point", "coordinates": [37.290207, -120.321638]}
},
{
  "type": "Feature",
  "properties": {
    "name": "Platina CDP"
  },
  "geometry": {"type": "Point", "coordinates": [40.359052, -122.904244]}
},
{
  "type": "Feature",
  "properties": {
    "name": "Pleasure Point CDP"
  },
  "geometry": {"type": "Point", "coordinates": [36.958730, -121.970004]}
},
{
  "type": "Feature",
  "properties": {
    "name": "Plumas Eureka CDP"
  },
  "geometry": {"type": "Point", "coordinates": [39.798243, -120.664442]}
},
{
  "type": "Feature",
  "properties": {
    "name": "Plumas Lake CDP"
  },
  "geometry": {"type": "Point", "coordinates": [38.984454, -121.563415]}
},
{
  "type": "Feature",
  "properties": {
    "name": "Point Reyes Station CDP"
  },
  "geometry": {"type": "Point", "coordinates": [38.084649, -122.809225]}
},
{
  "type": "Feature",
  "properties": {
    "name": "Pollock Pines CDP"
  },
  "geometry": {"type": "Point", "coordinates": [38.757480, -120.592054]}
},
{
  "type": "Feature",
  "properties": {
    "name": "Ponderosa CDP"
  },
  "geometry": {"type": "Point", "coordinates": [36.105043, -118.529349]}
},
{
  "type": "Feature",
  "properties": {
    "name": "Poplar-Cotton Center CDP"
  },
  "geometry": {"type": "Point", "coordinates": [36.057717, -119.150181]}
},
{
  "type": "Feature",
  "properties": {
    "name": "Port Costa CDP"
  },
  "geometry": {"type": "Point", "coordinates": [38.044543, -122.184941]}
},
{
  "type": "Feature",
  "properties": {
    "name": "Posey CDP"
  },
  "geometry": {"type": "Point", "coordinates": [35.803846, -118.678918]}
},
{
  "type": "Feature",
  "properties": {
    "name": "Poso Park CDP"
  },
  "geometry": {"type": "Point", "coordinates": [35.811272, -118.636537]}
},
{
  "type": "Feature",
  "properties": {
    "name": "Post Mountain CDP"
  },
  "geometry": {"type": "Point", "coordinates": [40.415949, -123.231603]}
},
{
  "type": "Feature",
  "properties": {
    "name": "Potomac Park CDP"
  },
  "geometry": {"type": "Point", "coordinates": [35.363538, -118.964963]}
},
{
  "type": "Feature",
  "properties": {
    "name": "Potrero CDP"
  },
  "geometry": {"type": "Point", "coordinates": [32.613089, -116.606814]}
},
{
  "type": "Feature",
  "properties": {
    "name": "Potter Valley CDP"
  },
  "geometry": {"type": "Point", "coordinates": [39.319053, -123.112208]}
},
{
  "type": "Feature",
  "properties": {
    "name": "Prattville CDP"
  },
  "geometry": {"type": "Point", "coordinates": [40.206005, -121.157457]}
},
{
  "type": "Feature",
  "properties": {
    "name": "Princeton CDP"
  },
  "geometry": {"type": "Point", "coordinates": [39.401599, -122.019359]}
},
{
  "type": "Feature",
  "properties": {
    "name": "Proberta CDP"
  },
  "geometry": {"type": "Point", "coordinates": [40.076157, -122.177609]}
},
{
  "type": "Feature",
  "properties": {
    "name": "Prunedale CDP"
  },
  "geometry": {"type": "Point", "coordinates": [36.806351, -121.655511]}
},
{
  "type": "Feature",
  "properties": {
    "name": "Pumpkin Center CDP"
  },
  "geometry": {"type": "Point", "coordinates": [35.265301, -119.032410]}
},
{
  "type": "Feature",
  "properties": {
    "name": "Quartz Hill CDP"
  },
  "geometry": {"type": "Point", "coordinates": [34.652681, -118.216328]}
},
{
  "type": "Feature",
  "properties": {
    "name": "Quincy CDP"
  },
  "geometry": {"type": "Point", "coordinates": [39.931018, -120.954886]}
},
{
  "type": "Feature",
  "properties": {
    "name": "Rackerby CDP"
  },
  "geometry": {"type": "Point", "coordinates": [39.426115, -121.354189]}
},
{
  "type": "Feature",
  "properties": {
    "name": "Rail Road Flat CDP"
  },
  "geometry": {"type": "Point", "coordinates": [38.325927, -120.527447]}
},
{
  "type": "Feature",
  "properties": {
    "name": "Rainbow CDP"
  },
  "geometry": {"type": "Point", "coordinates": [33.409874, -117.139442]}
},
{
  "type": "Feature",
  "properties": {
    "name": "Raisin City CDP"
  },
  "geometry": {"type": "Point", "coordinates": [36.603262, -119.909158]}
},
{
  "type": "Feature",
  "properties": {
    "name": "Ramona CDP"
  },
  "geometry": {"type": "Point", "coordinates": [33.047395, -116.876686]}
},
{
  "type": "Feature",
  "properties": {
    "name": "Rancho Calaveras CDP"
  },
  "geometry": {"type": "Point", "coordinates": [38.132179, -120.855592]}
},
{
  "type": "Feature",
  "properties": {
    "name": "Rancho Mission Viejo CDP"
  },
  "geometry": {"type": "Point", "coordinates": [33.514008, -117.561801]}
},
{
  "type": "Feature",
  "properties": {
    "name": "Rancho Murieta CDP"
  },
  "geometry": {"type": "Point", "coordinates": [38.508533, -121.071586]}
},
{
  "type": "Feature",
  "properties": {
    "name": "Rancho San Diego CDP"
  },
  "geometry": {"type": "Point", "coordinates": [32.762405, -116.919687]}
},
{
  "type": "Feature",
  "properties": {
    "name": "Rancho Santa Fe CDP"
  },
  "geometry": {"type": "Point", "coordinates": [33.023993, -117.199136]}
},
{
  "type": "Feature",
  "properties": {
    "name": "Rancho Tehama Reserve CDP"
  },
  "geometry": {"type": "Point", "coordinates": [40.001047, -122.441899]}
},
{
  "type": "Feature",
  "properties": {
    "name": "Randsburg CDP"
  },
  "geometry": {"type": "Point", "coordinates": [35.367957, -117.660627]}
},
{
  "type": "Feature",
  "properties": {
    "name": "Red Corral CDP"
  },
  "geometry": {"type": "Point", "coordinates": [38.412131, -120.607100]}
},
{
  "type": "Feature",
  "properties": {
    "name": "Redcrest CDP"
  },
  "geometry": {"type": "Point", "coordinates": [40.398775, -123.947415]}
},
{
  "type": "Feature",
  "properties": {
    "name": "Redway CDP"
  },
  "geometry": {"type": "Point", "coordinates": [40.120853, -123.822057]}
},
{
  "type": "Feature",
  "properties": {
    "name": "Redwood Valley CDP"
  },
  "geometry": {"type": "Point", "coordinates": [39.268933, -123.202335]}
},
{
  "type": "Feature",
  "properties": {
    "name": "Reliez Valley CDP"
  },
  "geometry": {"type": "Point", "coordinates": [37.939889, -122.102696]}
},
{
  "type": "Feature",
  "properties": {
    "name": "Rexland Acres CDP"
  },
  "geometry": {"type": "Point", "coordinates": [35.305053, -118.996992]}
},
{
  "type": "Feature",
  "properties": {
    "name": "Richfield CDP"
  },
  "geometry": {"type": "Point", "coordinates": [39.973801, -122.173234]}
},
{
  "type": "Feature",
  "properties": {
    "name": "Richgrove CDP"
  },
  "geometry": {"type": "Point", "coordinates": [35.796612, -119.106903]}
},
{
  "type": "Feature",
  "properties": {
    "name": "Richvale CDP"
  },
  "geometry": {"type": "Point", "coordinates": [39.493735, -121.750766]}
},
{
  "type": "Feature",
  "properties": {
    "name": "Ridgecrest Heights CDP"
  },
  "geometry": {"type": "Point", "coordinates": [35.601900, -117.704180]}
},
{
  "type": "Feature",
  "properties": {
    "name": "Ridgemark CDP"
  },
  "geometry": {"type": "Point", "coordinates": [36.808241, -121.362282]}
},
{
  "type": "Feature",
  "properties": {
    "name": "Rio del Mar CDP"
  },
  "geometry": {"type": "Point", "coordinates": [36.957334, -121.883482]}
},
{
  "type": "Feature",
  "properties": {
    "name": "Rio Linda CDP"
  },
  "geometry": {"type": "Point", "coordinates": [38.687501, -121.441682]}
},
{
  "type": "Feature",
  "properties": {
    "name": "Rio Oso CDP"
  },
  "geometry": {"type": "Point", "coordinates": [38.951822, -121.530971]}
},
{
  "type": "Feature",
  "properties": {
    "name": "Ripley CDP"
  },
  "geometry": {"type": "Point", "coordinates": [33.523788, -114.652992]}
},
{
  "type": "Feature",
  "properties": {
    "name": "Riverdale CDP"
  },
  "geometry": {"type": "Point", "coordinates": [36.430402, -119.867179]}
},
{
  "type": "Feature",
  "properties": {
    "name": "Riverdale Park CDP"
  },
  "geometry": {"type": "Point", "coordinates": [37.602902, -121.042454]}
},
{
  "type": "Feature",
  "properties": {
    "name": "Rivergrove CDP"
  },
  "geometry": {"type": "Point", "coordinates": [35.440294, -118.941084]}
},
{
  "type": "Feature",
  "properties": {
    "name": "River Pines CDP"
  },
  "geometry": {"type": "Point", "coordinates": [38.545458, -120.742909]}
},
{
  "type": "Feature",
  "properties": {
    "name": "Robbins CDP"
  },
  "geometry": {"type": "Point", "coordinates": [38.866982, -121.705621]}
},
{
  "type": "Feature",
  "properties": {
    "name": "Robinson Mill CDP"
  },
  "geometry": {"type": "Point", "coordinates": [39.485627, -121.320164]}
},
{
  "type": "Feature",
  "properties": {
    "name": "Rodeo CDP"
  },
  "geometry": {"type": "Point", "coordinates": [38.037708, -122.254030]}
},
{
  "type": "Feature",
  "properties": {
    "name": "Rodriguez Camp CDP"
  },
  "geometry": {"type": "Point", "coordinates": [35.808986, -119.138822]}
},
{
  "type": "Feature",
  "properties": {
    "name": "Rolling Hills CDP"
  },
  "geometry": {"type": "Point", "coordinates": [36.903962, -119.796624]}
},
{
  "type": "Feature",
  "properties": {
    "name": "Rollingwood CDP"
  },
  "geometry": {"type": "Point", "coordinates": [37.965347, -122.330608]}
},
{
  "type": "Feature",
  "properties": {
    "name": "Romoland CDP"
  },
  "geometry": {"type": "Point", "coordinates": [33.764806, -117.157107]}
},
{
  "type": "Feature",
  "properties": {
    "name": "Rosamond CDP"
  },
  "geometry": {"type": "Point", "coordinates": [34.865762, -118.215477]}
},
{
  "type": "Feature",
  "properties": {
    "name": "Rosedale CDP"
  },
  "geometry": {"type": "Point", "coordinates": [35.388610, -119.205746]}
},
{
  "type": "Feature",
  "properties": {
    "name": "Rose Hills CDP"
  },
  "geometry": {"type": "Point", "coordinates": [34.009012, -118.041909]}
},
{
  "type": "Feature",
  "properties": {
    "name": "Rosemont CDP"
  },
  "geometry": {"type": "Point", "coordinates": [38.547729, -121.355371]}
},
{
  "type": "Feature",
  "properties": {
    "name": "Rossmoor CDP"
  },
  "geometry": {"type": "Point", "coordinates": [33.788692, -118.080325]}
},
{
  "type": "Feature",
  "properties": {
    "name": "Rough and Ready CDP"
  },
  "geometry": {"type": "Point", "coordinates": [39.234022, -121.138023]}
},
{
  "type": "Feature",
  "properties": {
    "name": "Round Mountain CDP"
  },
  "geometry": {"type": "Point", "coordinates": [40.800535, -121.937487]}
},
{
  "type": "Feature",
  "properties": {
    "name": "Round Valley CDP"
  },
  "geometry": {"type": "Point", "coordinates": [37.406960, -118.581736]}
},
{
  "type": "Feature",
  "properties": {
    "name": "Rouse CDP"
  },
  "geometry": {"type": "Point", "coordinates": [37.619513, -121.008370]}
},
{
  "type": "Feature",
  "properties": {
    "name": "Rowland Heights CDP"
  },
  "geometry": {"type": "Point", "coordinates": [33.971604, -117.891181]}
},
{
  "type": "Feature",
  "properties": {
    "name": "Rumsey CDP"
  },
  "geometry": {"type": "Point", "coordinates": [38.890207, -122.240451]}
},
{
  "type": "Feature",
  "properties": {
    "name": "Running Springs CDP"
  },
  "geometry": {"type": "Point", "coordinates": [34.210388, -117.114782]}
},
{
  "type": "Feature",
  "properties": {
    "name": "Ruth CDP"
  },
  "geometry": {"type": "Point", "coordinates": [40.294296, -123.348284]}
},
{
  "type": "Feature",
  "properties": {
    "name": "Rutherford CDP"
  },
  "geometry": {"type": "Point", "coordinates": [38.456785, -122.423136]}
},
{
  "type": "Feature",
  "properties": {
    "name": "Sage CDP"
  },
  "geometry": {"type": "Point", "coordinates": [33.598285, -116.915365]}
},
{
  "type": "Feature",
  "properties": {
    "name": "Salida CDP"
  },
  "geometry": {"type": "Point", "coordinates": [37.708359, -121.084231]}
},
{
  "type": "Feature",
  "properties": {
    "name": "Salmon Creek CDP"
  },
  "geometry": {"type": "Point", "coordinates": [38.346212, -123.059329]}
},
{
  "type": "Feature",
  "properties": {
    "name": "Salton City CDP"
  },
  "geometry": {"type": "Point", "coordinates": [33.299433, -115.960951]}
},
{
  "type": "Feature",
  "properties": {
    "name": "Salton Sea Beach CDP"
  },
  "geometry": {"type": "Point", "coordinates": [33.375855, -116.011475]}
},
{
  "type": "Feature",
  "properties": {
    "name": "Salyer CDP"
  },
  "geometry": {"type": "Point", "coordinates": [40.886063, -123.580712]}
},
{
  "type": "Feature",
  "properties": {
    "name": "Samoa CDP"
  },
  "geometry": {"type": "Point", "coordinates": [40.814610, -124.189215]}
},
{
  "type": "Feature",
  "properties": {
    "name": "San Andreas CDP"
  },
  "geometry": {"type": "Point", "coordinates": [38.192718, -120.673766]}
},
{
  "type": "Feature",
  "properties": {
    "name": "San Antonio Heights CDP"
  },
  "geometry": {"type": "Point", "coordinates": [34.157325, -117.659272]}
},
{
  "type": "Feature",
  "properties": {
    "name": "San Ardo CDP"
  },
  "geometry": {"type": "Point", "coordinates": [36.023699, -120.907307]}
},
{
  "type": "Feature",
  "properties": {
    "name": "San Diego Country Estates CDP"
  },
  "geometry": {"type": "Point", "coordinates": [33.009375, -116.787311]}
},
{
  "type": "Feature",
  "properties": {
    "name": "San Geronimo CDP"
  },
  "geometry": {"type": "Point", "coordinates": [38.006713, -122.663266]}
},
{
  "type": "Feature",
  "properties": {
    "name": "San Lorenzo CDP"
  },
  "geometry": {"type": "Point", "coordinates": [37.673269, -122.133405]}
},
{
  "type": "Feature",
  "properties": {
    "name": "San Lucas CDP"
  },
  "geometry": {"type": "Point", "coordinates": [36.128349, -121.021732]}
},
{
  "type": "Feature",
  "properties": {
    "name": "San Martin CDP"
  },
  "geometry": {"type": "Point", "coordinates": [37.082883, -121.596323]}
},
{
  "type": "Feature",
  "properties": {
    "name": "San Miguel CDP"
  },
  "geometry": {"type": "Point", "coordinates": [37.886699, -122.036833]}
},
{
  "type": "Feature",
  "properties": {
    "name": "San Miguel CDP"
  },
  "geometry": {"type": "Point", "coordinates": [35.753403, -120.692393]}
},
{
  "type": "Feature",
  "properties": {
    "name": "San Pasqual CDP"
  },
  "geometry": {"type": "Point", "coordinates": [34.139222, -118.102524]}
},
{
  "type": "Feature",
  "properties": {
    "name": "San Simeon CDP"
  },
  "geometry": {"type": "Point", "coordinates": [35.618206, -121.137438]}
},
{
  "type": "Feature",
  "properties": {
    "name": "Santa Margarita CDP"
  },
  "geometry": {"type": "Point", "coordinates": [35.389426, -120.608158]}
},
{
  "type": "Feature",
  "properties": {
    "name": "Santa Nella CDP"
  },
  "geometry": {"type": "Point", "coordinates": [37.101219, -121.015697]}
},
{
  "type": "Feature",
  "properties": {
    "name": "Santa Rosa Valley CDP"
  },
  "geometry": {"type": "Point", "coordinates": [34.245902, -118.901783]}
},
{
  "type": "Feature",
  "properties": {
    "name": "Santa Susana CDP"
  },
  "geometry": {"type": "Point", "coordinates": [34.258582, -118.664319]}
},
{
  "type": "Feature",
  "properties": {
    "name": "Santa Venetia CDP"
  },
  "geometry": {"type": "Point", "coordinates": [38.005544, -122.503313]}
},
{
  "type": "Feature",
  "properties": {
    "name": "Santa Ynez CDP"
  },
  "geometry": {"type": "Point", "coordinates": [34.616789, -120.094814]}
},
{
  "type": "Feature",
  "properties": {
    "name": "Saranap CDP"
  },
  "geometry": {"type": "Point", "coordinates": [37.887818, -122.076142]}
},
{
  "type": "Feature",
  "properties": {
    "name": "Saticoy CDP"
  },
  "geometry": {"type": "Point", "coordinates": [34.281828, -119.145256]}
},
{
  "type": "Feature",
  "properties": {
    "name": "Sattley CDP"
  },
  "geometry": {"type": "Point", "coordinates": [39.626504, -120.435617]}
},
{
  "type": "Feature",
  "properties": {
    "name": "Scotia CDP"
  },
  "geometry": {"type": "Point", "coordinates": [40.477576, -124.103189]}
},
{
  "type": "Feature",
  "properties": {
    "name": "Seacliff CDP"
  },
  "geometry": {"type": "Point", "coordinates": [36.977024, -121.917838]}
},
{
  "type": "Feature",
  "properties": {
    "name": "Sea Ranch CDP"
  },
  "geometry": {"type": "Point", "coordinates": [38.716616, -123.452695]}
},
{
  "type": "Feature",
  "properties": {
    "name": "Searles Valley CDP"
  },
  "geometry": {"type": "Point", "coordinates": [35.770050, -117.396674]}
},
{
  "type": "Feature",
  "properties": {
    "name": "Seeley CDP"
  },
  "geometry": {"type": "Point", "coordinates": [32.789269, -115.684239]}
},
{
  "type": "Feature",
  "properties": {
    "name": "Sequoia Crest CDP"
  },
  "geometry": {"type": "Point", "coordinates": [36.185882, -118.625635]}
},
{
  "type": "Feature",
  "properties": {
    "name": "Sereno del Mar CDP"
  },
  "geometry": {"type": "Point", "coordinates": [38.383671, -123.073148]}
},
{
  "type": "Feature",
  "properties": {
    "name": "Seville CDP"
  },
  "geometry": {"type": "Point", "coordinates": [36.483533, -119.225868]}
},
{
  "type": "Feature",
  "properties": {
    "name": "Shandon CDP"
  },
  "geometry": {"type": "Point", "coordinates": [35.653591, -120.383145]}
},
{
  "type": "Feature",
  "properties": {
    "name": "Shasta CDP"
  },
  "geometry": {"type": "Point", "coordinates": [40.591114, -122.479712]}
},
{
  "type": "Feature",
  "properties": {
    "name": "Shaver Lake CDP"
  },
  "geometry": {"type": "Point", "coordinates": [37.097133, -119.324474]}
},
{
  "type": "Feature",
  "properties": {
    "name": "Sheep Ranch CDP"
  },
  "geometry": {"type": "Point", "coordinates": [38.207433, -120.460192]}
},
{
  "type": "Feature",
  "properties": {
    "name": "Shell Ridge CDP"
  },
  "geometry": {"type": "Point", "coordinates": [37.905919, -122.034398]}
},
{
  "type": "Feature",
  "properties": {
    "name": "Shelter Cove CDP"
  },
  "geometry": {"type": "Point", "coordinates": [40.038955, -124.055826]}
},
{
  "type": "Feature",
  "properties": {
    "name": "Sheridan CDP"
  },
  "geometry": {"type": "Point", "coordinates": [38.969482, -121.355186]}
},
{
  "type": "Feature",
  "properties": {
    "name": "Shingle Springs CDP"
  },
  "geometry": {"type": "Point", "coordinates": [38.666553, -120.937024]}
},
{
  "type": "Feature",
  "properties": {
    "name": "Shingletown CDP"
  },
  "geometry": {"type": "Point", "coordinates": [40.503484, -121.859937]}
},
{
  "type": "Feature",
  "properties": {
    "name": "Shoshone CDP"
  },
  "geometry": {"type": "Point", "coordinates": [35.951018, -116.305578]}
},
{
  "type": "Feature",
  "properties": {
    "name": "Sierra Brooks CDP"
  },
  "geometry": {"type": "Point", "coordinates": [39.642593, -120.215389]}
},
{
  "type": "Feature",
  "properties": {
    "name": "Sierra City CDP"
  },
  "geometry": {"type": "Point", "coordinates": [39.574015, -120.629656]}
},
{
  "type": "Feature",
  "properties": {
    "name": "Sierra Village CDP"
  },
  "geometry": {"type": "Point", "coordinates": [38.076563, -120.162909]}
},
{
  "type": "Feature",
  "properties": {
    "name": "Sierraville CDP"
  },
  "geometry": {"type": "Point", "coordinates": [39.575044, -120.363786]}
},
{
  "type": "Feature",
  "properties": {
    "name": "Silverado CDP"
  },
  "geometry": {"type": "Point", "coordinates": [33.748174, -117.628481]}
},
{
  "type": "Feature",
  "properties": {
    "name": "Silverado Resort CDP"
  },
  "geometry": {"type": "Point", "coordinates": [38.353637, -122.255540]}
},
{
  "type": "Feature",
  "properties": {
    "name": "Silver City CDP"
  },
  "geometry": {"type": "Point", "coordinates": [36.466306, -118.649508]}
},
{
  "type": "Feature",
  "properties": {
    "name": "Silver Lakes CDP"
  },
  "geometry": {"type": "Point", "coordinates": [34.751518, -117.343051]}
},
{
  "type": "Feature",
  "properties": {
    "name": "Sisquoc CDP"
  },
  "geometry": {"type": "Point", "coordinates": [34.862173, -120.294226]}
},
{
  "type": "Feature",
  "properties": {
    "name": "Sky Valley CDP"
  },
  "geometry": {"type": "Point", "coordinates": [33.891240, -116.355050]}
},
{
  "type": "Feature",
  "properties": {
    "name": "Sleepy Hollow CDP"
  },
  "geometry": {"type": "Point", "coordinates": [38.012040, -122.587688]}
},
{
  "type": "Feature",
  "properties": {
    "name": "Smartsville CDP"
  },
  "geometry": {"type": "Point", "coordinates": [39.205273, -121.292917]}
},
{
  "type": "Feature",
  "properties": {
    "name": "Smith Corner CDP"
  },
  "geometry": {"type": "Point", "coordinates": [35.478831, -119.277123]}
},
{
  "type": "Feature",
  "properties": {
    "name": "Smith River CDP"
  },
  "geometry": {"type": "Point", "coordinates": [41.923261, -124.148972]}
},
{
  "type": "Feature",
  "properties": {
    "name": "Snelling CDP"
  },
  "geometry": {"type": "Point", "coordinates": [37.521645, -120.438451]}
},
{
  "type": "Feature",
  "properties": {
    "name": "Soda Bay CDP"
  },
  "geometry": {"type": "Point", "coordinates": [39.002431, -122.779476]}
},
{
  "type": "Feature",
  "properties": {
    "name": "Soda Springs CDP"
  },
  "geometry": {"type": "Point", "coordinates": [39.324788, -120.378665]}
},
{
  "type": "Feature",
  "properties": {
    "name": "Somis CDP"
  },
  "geometry": {"type": "Point", "coordinates": [34.265263, -118.998405]}
},
{
  "type": "Feature",
  "properties": {
    "name": "Sonoma State University CDP"
  },
  "geometry": {"type": "Point", "coordinates": [38.340565, -122.672884]}
},
{
  "type": "Feature",
  "properties": {
    "name": "Soquel CDP"
  },
  "geometry": {"type": "Point", "coordinates": [36.997763, -121.948248]}
},
{
  "type": "Feature",
  "properties": {
    "name": "Soulsbyville CDP"
  },
  "geometry": {"type": "Point", "coordinates": [37.991763, -120.261660]}
},
{
  "type": "Feature",
  "properties": {
    "name": "South Dos Palos CDP"
  },
  "geometry": {"type": "Point", "coordinates": [36.970701, -120.646731]}
},
{
  "type": "Feature",
  "properties": {
    "name": "South Monrovia Island CDP"
  },
  "geometry": {"type": "Point", "coordinates": [34.123421, -117.995863]}
},
{
  "type": "Feature",
  "properties": {
    "name": "South Oroville CDP"
  },
  "geometry": {"type": "Point", "coordinates": [39.476554, -121.543877]}
},
{
  "type": "Feature",
  "properties": {
    "name": "South San Gabriel CDP"
  },
  "geometry": {"type": "Point", "coordinates": [34.048895, -118.096149]}
},
{
  "type": "Feature",
  "properties": {
    "name": "South San Jose Hills CDP"
  },
  "geometry": {"type": "Point", "coordinates": [34.012332, -117.904364]}
},
{
  "type": "Feature",
  "properties": {
    "name": "South Taft CDP"
  },
  "geometry": {"type": "Point", "coordinates": [35.129308, -119.457500]}
},
{
  "type": "Feature",
  "properties": {
    "name": "South Whittier CDP"
  },
  "geometry": {"type": "Point", "coordinates": [33.933603, -118.031150]}
},
{
  "type": "Feature",
  "properties": {
    "name": "Spaulding CDP"
  },
  "geometry": {"type": "Point", "coordinates": [40.655664, -120.786260]}
},
{
  "type": "Feature",
  "properties": {
    "name": "Spreckels CDP"
  },
  "geometry": {"type": "Point", "coordinates": [36.624716, -121.646487]}
},
{
  "type": "Feature",
  "properties": {
    "name": "Spring Garden CDP"
  },
  "geometry": {"type": "Point", "coordinates": [39.900995, -120.793309]}
},
{
  "type": "Feature",
  "properties": {
    "name": "Spring Valley CDP"
  },
  "geometry": {"type": "Point", "coordinates": [39.077677, -122.596764]}
},
{
  "type": "Feature",
  "properties": {
    "name": "Spring Valley CDP"
  },
  "geometry": {"type": "Point", "coordinates": [32.731638, -116.976569]}
},
{
  "type": "Feature",
  "properties": {
    "name": "Spring Valley Lake CDP"
  },
  "geometry": {"type": "Point", "coordinates": [34.498731, -117.268295]}
},
{
  "type": "Feature",
  "properties": {
    "name": "Springville CDP"
  },
  "geometry": {"type": "Point", "coordinates": [36.122512, -118.822880]}
},
{
  "type": "Feature",
  "properties": {
    "name": "Squaw Valley CDP"
  },
  "geometry": {"type": "Point", "coordinates": [36.699786, -119.199359]}
},
{
  "type": "Feature",
  "properties": {
    "name": "Squirrel Mountain Valley CDP"
  },
  "geometry": {"type": "Point", "coordinates": [35.617525, -118.404669]}
},
{
  "type": "Feature",
  "properties": {
    "name": "Stallion Springs CDP"
  },
  "geometry": {"type": "Point", "coordinates": [35.092237, -118.658629]}
},
{
  "type": "Feature",
  "properties": {
    "name": "Stanford CDP"
  },
  "geometry": {"type": "Point", "coordinates": [37.425198, -122.167403]}
},
{
  "type": "Feature",
  "properties": {
    "name": "Stebbins CDP"
  },
  "geometry": {"type": "Point", "coordinates": [35.405650, -119.314178]}
},
{
  "type": "Feature",
  "properties": {
    "name": "Stevenson Ranch CDP"
  },
  "geometry": {"type": "Point", "coordinates": [34.389389, -118.588427]}
},
{
  "type": "Feature",
  "properties": {
    "name": "Stevinson CDP"
  },
  "geometry": {"type": "Point", "coordinates": [37.324665, -120.849664]}
},
{
  "type": "Feature",
  "properties": {
    "name": "Stinson Beach CDP"
  },
  "geometry": {"type": "Point", "coordinates": [37.902485, -122.650117]}
},
{
  "type": "Feature",
  "properties": {
    "name": "Stirling City CDP"
  },
  "geometry": {"type": "Point", "coordinates": [39.906350, -121.536145]}
},
{
  "type": "Feature",
  "properties": {
    "name": "Stones Landing CDP"
  },
  "geometry": {"type": "Point", "coordinates": [40.697510, -120.730828]}
},
{
  "type": "Feature",
  "properties": {
    "name": "Stonyford CDP"
  },
  "geometry": {"type": "Point", "coordinates": [39.369493, -122.543809]}
},
{
  "type": "Feature",
  "properties": {
    "name": "Stratford CDP"
  },
  "geometry": {"type": "Point", "coordinates": [36.188465, -119.822246]}
},
{
  "type": "Feature",
  "properties": {
    "name": "Strathmore CDP"
  },
  "geometry": {"type": "Point", "coordinates": [36.146117, -119.064341]}
},
{
  "type": "Feature",
  "properties": {
    "name": "Strawberry CDP"
  },
  "geometry": {"type": "Point", "coordinates": [37.891481, -122.506773]}
},
{
  "type": "Feature",
  "properties": {
    "name": "Strawberry CDP"
  },
  "geometry": {"type": "Point", "coordinates": [38.198663, -120.010525]}
},
{
  "type": "Feature",
  "properties": {
    "name": "Sugarloaf Saw Mill CDP"
  },
  "geometry": {"type": "Point", "coordinates": [35.834299, -118.616541]}
},
{
  "type": "Feature",
  "properties": {
    "name": "Sugarloaf Village CDP"
  },
  "geometry": {"type": "Point", "coordinates": [35.826851, -118.635447]}
},
{
  "type": "Feature",
  "properties": {
    "name": "Sultana CDP"
  },
  "geometry": {"type": "Point", "coordinates": [36.545511, -119.337736]}
},
{
  "type": "Feature",
  "properties": {
    "name": "Summerland CDP"
  },
  "geometry": {"type": "Point", "coordinates": [34.401744, -119.594783]}
},
{
  "type": "Feature",
  "properties": {
    "name": "Sunnyside CDP"
  },
  "geometry": {"type": "Point", "coordinates": [36.729479, -119.694438]}
},
{
  "type": "Feature",
  "properties": {
    "name": "Sunnyside-Tahoe City CDP"
  },
  "geometry": {"type": "Point", "coordinates": [39.150663, -120.159678]}
},
{
  "type": "Feature",
  "properties": {
    "name": "Sunny Slopes CDP"
  },
  "geometry": {"type": "Point", "coordinates": [37.569376, -118.675837]}
},
{
  "type": "Feature",
  "properties": {
    "name": "Sunol CDP"
  },
  "geometry": {"type": "Point", "coordinates": [37.590032, -121.884697]}
},
{
  "type": "Feature",
  "properties": {
    "name": "Sun Village CDP"
  },
  "geometry": {"type": "Point", "coordinates": [34.559617, -117.955856]}
},
{
  "type": "Feature",
  "properties": {
    "name": "Sutter CDP"
  },
  "geometry": {"type": "Point", "coordinates": [39.155597, -121.749264]}
},
{
  "type": "Feature",
  "properties": {
    "name": "Swall Meadows CDP"
  },
  "geometry": {"type": "Point", "coordinates": [37.506059, -118.642659]}
},
{
  "type": "Feature",
  "properties": {
    "name": "Taft Heights CDP"
  },
  "geometry": {"type": "Point", "coordinates": [35.133750, -119.471140]}
},
{
  "type": "Feature",
  "properties": {
    "name": "Taft Mosswood CDP"
  },
  "geometry": {"type": "Point", "coordinates": [37.914015, -121.283114]}
},
{
  "type": "Feature",
  "properties": {
    "name": "Tahoe Vista CDP"
  },
  "geometry": {"type": "Point", "coordinates": [39.247793, -120.053208]}
},
{
  "type": "Feature",
  "properties": {
    "name": "Tahoma CDP"
  },
  "geometry": {"type": "Point", "coordinates": [39.063986, -120.143390]}
},
{
  "type": "Feature",
  "properties": {
    "name": "Talmage CDP"
  },
  "geometry": {"type": "Point", "coordinates": [39.131389, -123.164762]}
},
{
  "type": "Feature",
  "properties": {
    "name": "Tamalpais-Homestead Valley CDP"
  },
  "geometry": {"type": "Point", "coordinates": [37.879223, -122.538106]}
},
{
  "type": "Feature",
  "properties": {
    "name": "Tancred CDP"
  },
  "geometry": {"type": "Point", "coordinates": [38.761859, -122.154696]}
},
{
  "type": "Feature",
  "properties": {
    "name": "Tara Hills CDP"
  },
  "geometry": {"type": "Point", "coordinates": [37.993845, -122.318781]}
},
{
  "type": "Feature",
  "properties": {
    "name": "Tarina CDP"
  },
  "geometry": {"type": "Point", "coordinates": [35.380700, -118.817088]}
},
{
  "type": "Feature",
  "properties": {
    "name": "Tarpey Village CDP"
  },
  "geometry": {"type": "Point", "coordinates": [36.794082, -119.701193]}
},
{
  "type": "Feature",
  "properties": {
    "name": "Taylorsville CDP"
  },
  "geometry": {"type": "Point", "coordinates": [40.058663, -120.838675]}
},
{
  "type": "Feature",
  "properties": {
    "name": "Tecopa CDP"
  },
  "geometry": {"type": "Point", "coordinates": [35.835185, -116.207552]}
},
{
  "type": "Feature",
  "properties": {
    "name": "Temelec CDP"
  },
  "geometry": {"type": "Point", "coordinates": [38.257755, -122.498198]}
},
{
  "type": "Feature",
  "properties": {
    "name": "Temescal Valley CDP"
  },
  "geometry": {"type": "Point", "coordinates": [33.758035, -117.467663]}
},
{
  "type": "Feature",
  "properties": {
    "name": "Templeton CDP"
  },
  "geometry": {"type": "Point", "coordinates": [35.556025, -120.718164]}
},
{
  "type": "Feature",
  "properties": {
    "name": "Tennant CDP"
  },
  "geometry": {"type": "Point", "coordinates": [41.582251, -121.913092]}
},
{
  "type": "Feature",
  "properties": {
    "name": "Terminous CDP"
  },
  "geometry": {"type": "Point", "coordinates": [38.115257, -121.489558]}
},
{
  "type": "Feature",
  "properties": {
    "name": "Terra Bella CDP"
  },
  "geometry": {"type": "Point", "coordinates": [35.960011, -119.038528]}
},
{
  "type": "Feature",
  "properties": {
    "name": "Teviston CDP"
  },
  "geometry": {"type": "Point", "coordinates": [35.928873, -119.278333]}
},
{
  "type": "Feature",
  "properties": {
    "name": "Thermal CDP"
  },
  "geometry": {"type": "Point", "coordinates": [33.626197, -116.130835]}
},
{
  "type": "Feature",
  "properties": {
    "name": "Thermalito CDP"
  },
  "geometry": {"type": "Point", "coordinates": [39.490767, -121.615071]}
},
{
  "type": "Feature",
  "properties": {
    "name": "Thornton CDP"
  },
  "geometry": {"type": "Point", "coordinates": [38.230906, -121.424884]}
},
{
  "type": "Feature",
  "properties": {
    "name": "Thousand Palms CDP"
  },
  "geometry": {"type": "Point", "coordinates": [33.815009, -116.354492]}
},
{
  "type": "Feature",
  "properties": {
    "name": "Three Rivers CDP"
  },
  "geometry": {"type": "Point", "coordinates": [36.433387, -118.888544]}
},
{
  "type": "Feature",
  "properties": {
    "name": "Three Rocks CDP"
  },
  "geometry": {"type": "Point", "coordinates": [36.505149, -120.393534]}
},
{
  "type": "Feature",
  "properties": {
    "name": "Timber Cove CDP"
  },
  "geometry": {"type": "Point", "coordinates": [38.541088, -123.258788]}
},
{
  "type": "Feature",
  "properties": {
    "name": "Tipton CDP"
  },
  "geometry": {"type": "Point", "coordinates": [36.057233, -119.313525]}
},
{
  "type": "Feature",
  "properties": {
    "name": "Tobin CDP"
  },
  "geometry": {"type": "Point", "coordinates": [39.935800, -121.296488]}
},
{
  "type": "Feature",
  "properties": {
    "name": "Tomales CDP"
  },
  "geometry": {"type": "Point", "coordinates": [38.247030, -122.905356]}
},
{
  "type": "Feature",
  "properties": {
    "name": "Tonyville CDP"
  },
  "geometry": {"type": "Point", "coordinates": [36.247382, -119.090352]}
},
{
  "type": "Feature",
  "properties": {
    "name": "Tooleville CDP"
  },
  "geometry": {"type": "Point", "coordinates": [36.287753, -119.115435]}
},
{
  "type": "Feature",
  "properties": {
    "name": "Topanga CDP"
  },
  "geometry": {"type": "Point", "coordinates": [34.096432, -118.605276]}
},
{
  "type": "Feature",
  "properties": {
    "name": "Topaz CDP"
  },
  "geometry": {"type": "Point", "coordinates": [38.635637, -119.504725]}
},
{
  "type": "Feature",
  "properties": {
    "name": "Toro Canyon CDP"
  },
  "geometry": {"type": "Point", "coordinates": [34.422176, -119.558057]}
},
{
  "type": "Feature",
  "properties": {
    "name": "Trabuco Canyon CDP"
  },
  "geometry": {"type": "Point", "coordinates": [33.678228, -117.594013]}
},
{
  "type": "Feature",
  "properties": {
    "name": "Tranquillity CDP"
  },
  "geometry": {"type": "Point", "coordinates": [36.648007, -120.252542]}
},
{
  "type": "Feature",
  "properties": {
    "name": "Traver CDP"
  },
  "geometry": {"type": "Point", "coordinates": [36.454111, -119.483730]}
},
{
  "type": "Feature",
  "properties": {
    "name": "Tres Pinos CDP"
  },
  "geometry": {"type": "Point", "coordinates": [36.790381, -121.310566]}
},
{
  "type": "Feature",
  "properties": {
    "name": "Trinity Center CDP"
  },
  "geometry": {"type": "Point", "coordinates": [40.984067, -122.708326]}
},
{
  "type": "Feature",
  "properties": {
    "name": "Trinity Village CDP"
  },
  "geometry": {"type": "Point", "coordinates": [40.878916, -123.513207]}
},
{
  "type": "Feature",
  "properties": {
    "name": "Trona CDP"
  },
  "geometry": {"type": "Point", "coordinates": [35.814987, -117.344894]}
},
{
  "type": "Feature",
  "properties": {
    "name": "Trowbridge CDP"
  },
  "geometry": {"type": "Point", "coordinates": [38.926386, -121.514846]}
},
{
  "type": "Feature",
  "properties": {
    "name": "Tuolumne City CDP"
  },
  "geometry": {"type": "Point", "coordinates": [37.961494, -120.242769]}
},
{
  "type": "Feature",
  "properties": {
    "name": "Tupman CDP"
  },
  "geometry": {"type": "Point", "coordinates": [35.298743, -119.357674]}
},
{
  "type": "Feature",
  "properties": {
    "name": "Tuttle CDP"
  },
  "geometry": {"type": "Point", "coordinates": [37.296508, -120.378867]}
},
{
  "type": "Feature",
  "properties": {
    "name": "Tuttletown CDP"
  },
  "geometry": {"type": "Point", "coordinates": [38.000343, -120.450292]}
},
{
  "type": "Feature",
  "properties": {
    "name": "Twain CDP"
  },
  "geometry": {"type": "Point", "coordinates": [40.035503, -121.040361]}
},
{
  "type": "Feature",
  "properties": {
    "name": "Twain Harte CDP"
  },
  "geometry": {"type": "Point", "coordinates": [38.038398, -120.233945]}
},
{
  "type": "Feature",
  "properties": {
    "name": "Twin Lakes CDP"
  },
  "geometry": {"type": "Point", "coordinates": [38.169496, -119.342179]}
},
{
  "type": "Feature",
  "properties": {
    "name": "Twin Lakes CDP"
  },
  "geometry": {"type": "Point", "coordinates": [36.961339, -121.991620]}
},
{
  "type": "Feature",
  "properties": {
    "name": "University of California-Davis CDP"
  },
  "geometry": {"type": "Point", "coordinates": [38.537704, -121.757900]}
},
{
  "type": "Feature",
  "properties": {
    "name": "University of California-Merced CDP"
  },
  "geometry": {"type": "Point", "coordinates": [37.366591, -120.419030]}
},
{
  "type": "Feature",
  "properties": {
    "name": "University of California-Santa Barbara CDP"
  },
  "geometry": {"type": "Point", "coordinates": [34.414525, -119.856607]}
},
{
  "type": "Feature",
  "properties": {
    "name": "Upper Lake CDP"
  },
  "geometry": {"type": "Point", "coordinates": [39.165412, -122.905291]}
},
{
  "type": "Feature",
  "properties": {
    "name": "Valinda CDP"
  },
  "geometry": {"type": "Point", "coordinates": [34.040033, -117.930057]}
},
{
  "type": "Feature",
  "properties": {
    "name": "Vallecito CDP"
  },
  "geometry": {"type": "Point", "coordinates": [38.083203, -120.468332]}
},
{
  "type": "Feature",
  "properties": {
    "name": "Valle Vista CDP"
  },
  "geometry": {"type": "Point", "coordinates": [33.743585, -116.887085]}
},
{
  "type": "Feature",
  "properties": {
    "name": "Valley Acres CDP"
  },
  "geometry": {"type": "Point", "coordinates": [35.208668, -119.410651]}
},
{
  "type": "Feature",
  "properties": {
    "name": "Valley Center CDP"
  },
  "geometry": {"type": "Point", "coordinates": [33.233001, -117.015766]}
},
{
  "type": "Feature",
  "properties": {
    "name": "Valley Ford CDP"
  },
  "geometry": {"type": "Point", "coordinates": [38.324560, -122.914732]}
},
{
  "type": "Feature",
  "properties": {
    "name": "Valley Home CDP"
  },
  "geometry": {"type": "Point", "coordinates": [37.827241, -120.914343]}
},
{
  "type": "Feature",
  "properties": {
    "name": "Valley Ranch CDP"
  },
  "geometry": {"type": "Point", "coordinates": [39.740342, -120.564895]}
},
{
  "type": "Feature",
  "properties": {
    "name": "Valley Springs CDP"
  },
  "geometry": {"type": "Point", "coordinates": [38.189378, -120.825279]}
},
{
  "type": "Feature",
  "properties": {
    "name": "Valley Wells CDP"
  },
  "geometry": {"type": "Point", "coordinates": [35.876128, -117.336566]}
},
{
  "type": "Feature",
  "properties": {
    "name": "Val Verde CDP"
  },
  "geometry": {"type": "Point", "coordinates": [34.450423, -118.671784]}
},
{
  "type": "Feature",
  "properties": {
    "name": "Vandenberg AFB CDP"
  },
  "geometry": {"type": "Point", "coordinates": [34.747688, -120.518982]}
},
{
  "type": "Feature",
  "properties": {
    "name": "Vandenberg Village CDP"
  },
  "geometry": {"type": "Point", "coordinates": [34.711068, -120.462238]}
},
{
  "type": "Feature",
  "properties": {
    "name": "Verdi CDP"
  },
  "geometry": {"type": "Point", "coordinates": [39.523693, -120.016286]}
},
{
  "type": "Feature",
  "properties": {
    "name": "Victor CDP"
  },
  "geometry": {"type": "Point", "coordinates": [38.138465, -121.198760]}
},
{
  "type": "Feature",
  "properties": {
    "name": "View Park-Windsor Hills CDP"
  },
  "geometry": {"type": "Point", "coordinates": [33.995509, -118.348350]}
},
{
  "type": "Feature",
  "properties": {
    "name": "Vina CDP"
  },
  "geometry": {"type": "Point", "coordinates": [39.934180, -122.051706]}
},
{
  "type": "Feature",
  "properties": {
    "name": "Vincent CDP"
  },
  "geometry": {"type": "Point", "coordinates": [34.098268, -117.923800]}
},
{
  "type": "Feature",
  "properties": {
    "name": "Vine Hill CDP"
  },
  "geometry": {"type": "Point", "coordinates": [38.007117, -122.087297]}
},
{
  "type": "Feature",
  "properties": {
    "name": "Vineyard CDP"
  },
  "geometry": {"type": "Point", "coordinates": [38.474032, -121.323994]}
},
{
  "type": "Feature",
  "properties": {
    "name": "Virginia Lakes CDP"
  },
  "geometry": {"type": "Point", "coordinates": [38.048554, -119.255449]}
},
{
  "type": "Feature",
  "properties": {
    "name": "Vista Santa Rosa CDP"
  },
  "geometry": {"type": "Point", "coordinates": [33.622681, -116.212569]}
},
{
  "type": "Feature",
  "properties": {
    "name": "Volcano CDP"
  },
  "geometry": {"type": "Point", "coordinates": [38.450614, -120.621766]}
},
{
  "type": "Feature",
  "properties": {
    "name": "Volta CDP"
  },
  "geometry": {"type": "Point", "coordinates": [37.087502, -120.923460]}
},
{
  "type": "Feature",
  "properties": {
    "name": "Walker CDP"
  },
  "geometry": {"type": "Point", "coordinates": [38.518504, -119.473051]}
},
{
  "type": "Feature",
  "properties": {
    "name": "Wallace CDP"
  },
  "geometry": {"type": "Point", "coordinates": [38.203494, -120.959863]}
},
{
  "type": "Feature",
  "properties": {
    "name": "Walnut Grove CDP"
  },
  "geometry": {"type": "Point", "coordinates": [38.247771, -121.527969]}
},
{
  "type": "Feature",
  "properties": {
    "name": "Walnut Park CDP"
  },
  "geometry": {"type": "Point", "coordinates": [33.968233, -118.221948]}
},
{
  "type": "Feature",
  "properties": {
    "name": "Warm Springs CDP"
  },
  "geometry": {"type": "Point", "coordinates": [33.706681, -117.334346]}
},
{
  "type": "Feature",
  "properties": {
    "name": "Warner Valley CDP"
  },
  "geometry": {"type": "Point", "coordinates": [40.395452, -121.317348]}
},
{
  "type": "Feature",
  "properties": {
    "name": "Washington CDP"
  },
  "geometry": {"type": "Point", "coordinates": [39.359158, -120.790496]}
},
{
  "type": "Feature",
  "properties": {
    "name": "Waterloo CDP"
  },
  "geometry": {"type": "Point", "coordinates": [38.036453, -121.184551]}
},
{
  "type": "Feature",
  "properties": {
    "name": "Waukena CDP"
  },
  "geometry": {"type": "Point", "coordinates": [36.139104, -119.510973]}
},
{
  "type": "Feature",
  "properties": {
    "name": "Wautec CDP"
  },
  "geometry": {"type": "Point", "coordinates": [41.354314, -123.862289]}
},
{
  "type": "Feature",
  "properties": {
    "name": "Wawona CDP"
  },
  "geometry": {"type": "Point", "coordinates": [37.544674, -119.638674]}
},
{
  "type": "Feature",
  "properties": {
    "name": "Weaverville CDP"
  },
  "geometry": {"type": "Point", "coordinates": [40.740664, -122.929019]}
},
{
  "type": "Feature",
  "properties": {
    "name": "Weedpatch CDP"
  },
  "geometry": {"type": "Point", "coordinates": [35.236855, -118.912348]}
},
{
  "type": "Feature",
  "properties": {
    "name": "Weitchpec CDP"
  },
  "geometry": {"type": "Point", "coordinates": [41.196885, -123.693861]}
},
{
  "type": "Feature",
  "properties": {
    "name": "Weldon CDP"
  },
  "geometry": {"type": "Point", "coordinates": [35.643071, -118.310228]}
},
{
  "type": "Feature",
  "properties": {
    "name": "Weott CDP"
  },
  "geometry": {"type": "Point", "coordinates": [40.322603, -123.920876]}
},
{
  "type": "Feature",
  "properties": {
    "name": "West Athens CDP"
  },
  "geometry": {"type": "Point", "coordinates": [33.923453, -118.303301]}
},
{
  "type": "Feature",
  "properties": {
    "name": "West Bishop CDP"
  },
  "geometry": {"type": "Point", "coordinates": [37.357051, -118.454267]}
},
{
  "type": "Feature",
  "properties": {
    "name": "West Carson CDP"
  },
  "geometry": {"type": "Point", "coordinates": [33.822935, -118.293127]}
},
{
  "type": "Feature",
  "properties": {
    "name": "West Goshen CDP"
  },
  "geometry": {"type": "Point", "coordinates": [36.349183, -119.457374]}
},
{
  "type": "Feature",
  "properties": {
    "name": "Westhaven-Moonstone CDP"
  },
  "geometry": {"type": "Point", "coordinates": [41.044697, -124.102285]}
},
{
  "type": "Feature",
  "properties": {
    "name": "Westley CDP"
  },
  "geometry": {"type": "Point", "coordinates": [37.546908, -121.200915]}
},
{
  "type": "Feature",
  "properties": {
    "name": "West Menlo Park CDP"
  },
  "geometry": {"type": "Point", "coordinates": [37.433824, -122.203420]}
},
{
  "type": "Feature",
  "properties": {
    "name": "West Modesto CDP"
  },
  "geometry": {"type": "Point", "coordinates": [37.617804, -121.034555]}
},
{
  "type": "Feature",
  "properties": {
    "name": "Westmont CDP"
  },
  "geometry": {"type": "Point", "coordinates": [33.941682, -118.301833]}
},
{
  "type": "Feature",
  "properties": {
    "name": "West Park CDP"
  },
  "geometry": {"type": "Point", "coordinates": [36.705527, -119.851549]}
},
{
  "type": "Feature",
  "properties": {
    "name": "West Point CDP"
  },
  "geometry": {"type": "Point", "coordinates": [38.406819, -120.542593]}
},
{
  "type": "Feature",
  "properties": {
    "name": "West Puente Valley CDP"
  },
  "geometry": {"type": "Point", "coordinates": [34.051176, -117.968026]}
},
{
  "type": "Feature",
  "properties": {
    "name": "West Rancho Dominguez CDP"
  },
  "geometry": {"type": "Point", "coordinates": [33.905706, -118.268279]}
},
{
  "type": "Feature",
  "properties": {
    "name": "Westside CDP"
  },
  "geometry": {"type": "Point", "coordinates": [36.404202, -120.134326]}
},
{
  "type": "Feature",
  "properties": {
    "name": "West Whittier-Los Nietos CDP"
  },
  "geometry": {"type": "Point", "coordinates": [33.975998, -118.068929]}
},
{
  "type": "Feature",
  "properties": {
    "name": "Westwood CDP"
  },
  "geometry": {"type": "Point", "coordinates": [40.304904, -121.003618]}
},
{
  "type": "Feature",
  "properties": {
    "name": "Whitehawk CDP"
  },
  "geometry": {"type": "Point", "coordinates": [39.720609, -120.553583]}
},
{
  "type": "Feature",
  "properties": {
    "name": "Whitewater CDP"
  },
  "geometry": {"type": "Point", "coordinates": [33.935588, -116.687212]}
},
{
  "type": "Feature",
  "properties": {
    "name": "Whitley Gardens CDP"
  },
  "geometry": {"type": "Point", "coordinates": [35.657433, -120.507019]}
},
{
  "type": "Feature",
  "properties": {
    "name": "Whitmore CDP"
  },
  "geometry": {"type": "Point", "coordinates": [40.614905, -121.935427]}
},
{
  "type": "Feature",
  "properties": {
    "name": "Wilkerson CDP"
  },
  "geometry": {"type": "Point", "coordinates": [37.279431, -118.387698]}
},
{
  "type": "Feature",
  "properties": {
    "name": "Williams Canyon CDP"
  },
  "geometry": {"type": "Point", "coordinates": [33.728912, -117.639438]}
},
{
  "type": "Feature",
  "properties": {
    "name": "Willowbrook CDP"
  },
  "geometry": {"type": "Point", "coordinates": [33.920864, -118.235546]}
},
{
  "type": "Feature",
  "properties": {
    "name": "Willow Creek CDP"
  },
  "geometry": {"type": "Point", "coordinates": [40.938473, -123.641185]}
},
{
  "type": "Feature",
  "properties": {
    "name": "Wilseyville CDP"
  },
  "geometry": {"type": "Point", "coordinates": [38.376480, -120.486846]}
},
{
  "type": "Feature",
  "properties": {
    "name": "Wilsonia CDP"
  },
  "geometry": {"type": "Point", "coordinates": [36.734598, -118.955847]}
},
{
  "type": "Feature",
  "properties": {
    "name": "Wilton CDP"
  },
  "geometry": {"type": "Point", "coordinates": [38.412976, -121.212711]}
},
{
  "type": "Feature",
  "properties": {
    "name": "Winchester CDP"
  },
  "geometry": {"type": "Point", "coordinates": [33.714630, -117.077394]}
},
{
  "type": "Feature",
  "properties": {
    "name": "Winter Gardens CDP"
  },
  "geometry": {"type": "Point", "coordinates": [32.837613, -116.926863]}
},
{
  "type": "Feature",
  "properties": {
    "name": "Winterhaven CDP"
  },
  "geometry": {"type": "Point", "coordinates": [32.737183, -114.637798]}
},
{
  "type": "Feature",
  "properties": {
    "name": "Winton CDP"
  },
  "geometry": {"type": "Point", "coordinates": [37.385427, -120.617365]}
},
{
  "type": "Feature",
  "properties": {
    "name": "Wofford Heights CDP"
  },
  "geometry": {"type": "Point", "coordinates": [35.712713, -118.473139]}
},
{
  "type": "Feature",
  "properties": {
    "name": "Woodacre CDP"
  },
  "geometry": {"type": "Point", "coordinates": [38.005174, -122.638310]}
},
{
  "type": "Feature",
  "properties": {
    "name": "Woodbridge CDP"
  },
  "geometry": {"type": "Point", "coordinates": [38.169195, -121.311312]}
},
{
  "type": "Feature",
  "properties": {
    "name": "Woodcrest CDP"
  },
  "geometry": {"type": "Point", "coordinates": [33.878944, -117.368672]}
},
{
  "type": "Feature",
  "properties": {
    "name": "Woodlands CDP"
  },
  "geometry": {"type": "Point", "coordinates": [35.028873, -120.552393]}
},
{
  "type": "Feature",
  "properties": {
    "name": "Woodville CDP"
  },
  "geometry": {"type": "Point", "coordinates": [36.092680, -119.201225]}
},
{
  "type": "Feature",
  "properties": {
    "name": "Woodville Farm Labor Camp CDP"
  },
  "geometry": {"type": "Point", "coordinates": [36.083151, -119.147923]}
},
{
  "type": "Feature",
  "properties": {
    "name": "Woody CDP"
  },
  "geometry": {"type": "Point", "coordinates": [35.708148, -118.814396]}
},
{
  "type": "Feature",
  "properties": {
    "name": "Wrightwood CDP"
  },
  "geometry": {"type": "Point", "coordinates": [34.349508, -117.629959]}
},
{
  "type": "Feature",
  "properties": {
    "name": "Yankee Hill CDP"
  },
  "geometry": {"type": "Point", "coordinates": [39.700711, -121.514689]}
},
{
  "type": "Feature",
  "properties": {
    "name": "Yermo CDP"
  },
  "geometry": {"type": "Point", "coordinates": [34.907314, -116.823219]}
},
{
  "type": "Feature",
  "properties": {
    "name": "Yettem CDP"
  },
  "geometry": {"type": "Point", "coordinates": [36.485684, -119.255689]}
},
{
  "type": "Feature",
  "properties": {
    "name": "Yolo CDP"
  },
  "geometry": {"type": "Point", "coordinates": [38.740464, -121.809325]}
},
{
  "type": "Feature",
  "properties": {
    "name": "Yosemite Lakes CDP"
  },
  "geometry": {"type": "Point", "coordinates": [37.188562, -119.772312]}
},
{
  "type": "Feature",
  "properties": {
    "name": "Yosemite Valley CDP"
  },
  "geometry": {"type": "Point", "coordinates": [37.740752, -119.577876]}
},
{
  "type": "Feature",
  "properties": {
    "name": "Yosemite West CDP"
  },
  "geometry": {"type": "Point", "coordinates": [37.648193, -119.718217]}
},
{
  "type": "Feature",
  "properties": {
    "name": "Zayante CDP"
  },
  "geometry": {"type": "Point", "coordinates": [37.089217, -122.040858]}
}
]
}